created_at;id_str;full_text;quote_count;reply_count;retweet_count;favorite_count;lang;user_id_str;conversation_id_str;username;tweet_url
Sat Oct 28 08:10:31 +0000 2023;1718178418972594192;""Don't leave. Stay by my side."  Weekend rewatch and fall in love with them all over again ğŸ’•  Btw, I love Sandeul's Swallowing My Heart ğŸ«¶ğŸ» If I'm not mistaken, BoGum often sing it in his fanmeet #LoveInTheMoonlight #MoonlightDrawnByClouds #ParkBoGum #KimYooJung #BoYoo #kdrama https://t.co/VH0QBDgzOP";0;0;0;0;en;859301594424160257;1718178418972594192;B_MyNightingale;https://twitter.com/B_MyNightingale/status/1718178418972594192
Sat Oct 28 07:59:20 +0000 2023;1718175603138888141;"From the nation's first love to a top-tier actress, check out how SUZY's talent and beauty light up the screen! ğŸ¤©   Catch all the popular dramas, movies, and shows of #SUZY on #KOCOWA+ğŸ‘‰ https://t.co/uu0bvNyicp  #koconuts #kdrama #kdramas #BaeSuzy #suzy #kpop #kpopidol https://t.co/MaCx0WZAae";1;0;10;25;en;849800022094880768;1718175603138888141;kocowa_official;https://twitter.com/kocowa_official/status/1718175603138888141
Sat Oct 28 07:47:11 +0000 2023;1718172545080508857;"Ahhhhh ATF!!!!! they're so cute I miss them so much I want season 2 my chaotic couple &gt &gt &gt &gt &gt &gt &gt ğŸ¤  My shin hari and kang tae mooğŸ¤§ğŸ˜©  #businessproposal #kdrama #koreandramas #AhnHyoSeop #KIMSEJEONG https://t.co/p915wAU31X";0;0;0;0;en;1688893782505459712;1718172545080508857;keroppikoo_69;https://twitter.com/keroppikoo_69/status/1718172545080508857
Sat Oct 28 07:40:55 +0000 2023;1718170969188229210;"The King: Eternal Monarch is unstoppable.  How many times you have watched it?  #TheKingEternalMonarch #LeeMinHo #KimGoeun #MustWatch #Netflix #kdrama #koreandrama";0;0;0;0;en;813684583552012288;1718170969188229210;gadgets24_now;https://twitter.com/gadgets24_now/status/1718170969188229210
Sat Oct 28 07:33:30 +0000 2023;1718169103314354436;"May you fall in love with each other all over again!!! ğŸ’˜ Missing them so badly!! ğŸ˜­ğŸ˜­ Won Jun and Doona ğŸ¥¹ğŸ’Œ #Doona #DoonaNetflix #kdrama #SUZY #YangSejong https://t.co/OwXRTrMzLm";0;0;0;0;en;1584528425079144448;1718169103314354436;Wallfll0werr;https://twitter.com/Wallfll0werr/status/1718169103314354436
Sat Oct 28 07:29:47 +0000 2023;1718168167971959074;"KBS #FantasySonata (January 2024) tvN #LoverlyRunner (expected after Marry My Husband) MBC #NightBloomingFlower (expected after The Story of Park's Marriage Contract) MBC #ChiefInspectorTheBeginning (expected after Night Blooming Flower)  #kdrama";0;0;0;0;en;1682622701104693250;1718168167971959074;hyungnimkd;https://twitter.com/hyungnimkd/status/1718168167971959074
Sat Oct 28 07:25:13 +0000 2023;1718167017537355929;"Crash Landing on You actor Cha Chung-hwa gets married in a private ceremony on October 27  The identity of her non-celebrity groom has not been revealed  #CrashLandingOnYou #ChaChungHwa #wedding #kdrama https://t.co/VUPyEaQSTl";0;0;0;0;en;125582800;1718167017537355929;htcity;https://twitter.com/htcity/status/1718167017537355929
Sat Oct 28 07:15:47 +0000 2023;1718164642801795367;"#ë¡œìš´ #RoWoon #KimSeokWoo #ãƒ­ã‚¦ãƒ³ #ì´ì—°ì• ëŠ”ë¶ˆê°€í•­ë ¥ #Destinedwithyou #kdrama #theMatchmakers";0;0;0;2;qht;1387816082476605444;1718164642801795367;SepguJo;https://twitter.com/SepguJo/status/1718164642801795367
Sat Oct 28 07:11:11 +0000 2023;1718163485081665868;"Get ready for the chaotic romance between #KimYooJung and #SongKang in #MyDemon! â¤ï¸ğŸ˜ˆ Watch the teaser now. #Kdrama #RomCom #TeaserTrailer  https://t.co/khzY8d0F31";0;0;1;3;en;1685227588178804737;1718163485081665868;asiandramaking;https://twitter.com/asiandramaking/status/1718163485081665868
Sat Oct 28 07:05:36 +0000 2023;1718162078501072994;"#kdramas Starting Today 2023/10/28: ğŸ‘‰ ğŸ”— Read: https://t.co/JXk1yFXj3A #kdrama #KoreanDrama #Korea #Korean https://t.co/APb7MNUODe";0;0;0;1;en;14597638;1718162078501072994;hancinema;https://twitter.com/hancinema/status/1718162078501072994
Sat Oct 28 07:02:12 +0000 2023;1718161223072547276;"So Ji Sub makes his Netflix debut in #PlazaWars  (#MercyForNone)! Get ready for this noir action K-drama. ğŸ’¥ğŸ“º #SoJiSub  #Netflix  #kdrama https://t.co/7dNggy1EyK";0;0;1;3;en;1685227588178804737;1718161223072547276;asiandramaking;https://twitter.com/asiandramaking/status/1718161223072547276
Sat Oct 28 06:59:29 +0000 2023;1718160543024918791;"#WiHaJoon  shines as the complex villain in #TheWorstOfEvil . A character you love to hate but can't help but empathize with. ğŸŒŸ #kdrama  #DisneyPlus https://t.co/bcEjLvvxa3";0;0;1;4;en;1685227588178804737;1718160543024918791;asiandramaking;https://twitter.com/asiandramaking/status/1718160543024918791
Sat Oct 28 06:59:09 +0000 2023;1718160458979410116;"The Classified File based on a true story, another gem from South Korea ğŸ‡°ğŸ‡·â¤ï¸ğŸ‘ğŸ½ #kdrama https://t.co/zpj9Yr302G";0;0;0;0;en;1249829838;1718160458979410116;OPA_Paris;https://twitter.com/OPA_Paris/status/1718160458979410116
Sat Oct 28 06:53:28 +0000 2023;1718159027840901457;"Park Eun Bin's modern journey begins in #CastawayDiva! Can she adapt after 15 years on a deserted island? ğŸï¸ğŸ“±ğŸ” Castaway Diva, premiering on Netflix Oct 28! #kdrama  #NewStills #Netflix #ParkEunBin https://t.co/jbFzl1l8cA";0;0;1;5;en;1685227588178804737;1718159027840901457;asiandramaking;https://twitter.com/asiandramaking/status/1718159027840901457
Sat Oct 28 06:50:36 +0000 2023;1718158305582010628;"Dia adalah karakter paling di benci sih. Padahal hanya muncul di 5 episode terakhir tp nyebelinnya kek udh seabad main ğŸ¤£ğŸ¤£ğŸ¤£  #JiChangWook #WiHaJoon #ImSeMi #BIBI #kdrama #kdramatwt #kdramalovers #Drakor https://t.co/HPeChQuspM";0;0;0;0;in;41350474;1718158305582010628;_nclrza;https://twitter.com/_nclrza/status/1718158305582010628
Sat Oct 28 06:48:05 +0000 2023;1718157671142928794;"#EXO hastily announces the 2024 Season's Greetings #Album release.  A statement about the release of EXO's 2024 Season's Greetings was released on October 27 by SM Entertainment.  #KPOP #kdrama #kpoptwt https://t.co/CTN6mBFDsW";0;0;0;0;en;1677546078068174848;1718157671142928794;Koreantal;https://twitter.com/Koreantal/status/1718157671142928794
Sat Oct 28 06:43:20 +0000 2023;1718156478228648353;"Nonton #kdrama #diaryofaprosecutor di #tvN dan suka kocaknya episode 9, paham perasaan Jaksa Kim gimana main game buat ngumpulin emas berbulan-bulan lalu hilang. ğŸ¤£ Aihh dia psikopat cakep di The First Responders 2. â™¥ï¸";0;0;0;0;in;2888059171;1718156478228648353;gemgemichiruki;https://twitter.com/gemgemichiruki/status/1718156478228648353
Sat Oct 28 06:43:12 +0000 2023;1718156445206946074;"Ada yang suka sama series ini? . Brilian sih bagi abang. Semuanya pas. Konflik. Drama. Aktion. Brutalisme nya! Gak to much! . . #TheWorstOfEvil #KDrama https://t.co/h55fpIHaSh";0;0;0;0;in;85786646;1718156445206946074;adaabangdisini;https://twitter.com/adaabangdisini/status/1718156445206946074
Sat Oct 28 06:42:31 +0000 2023;1718156271617007823;"TWICE's Jihyo appears stunning in a recently released photo.  #TWICE #TWICEäº¤æ› #Jihyo #KPOP #kdrama https://t.co/fcTRbjs346";0;0;0;1;en;1677546078068174848;1718156271617007823;Koreantal;https://twitter.com/Koreantal/status/1718156271617007823
Sat Oct 28 06:39:13 +0000 2023;1718155441597714565;"#DK from #Seventeen looks amazing for W Korea.  #SEVENTEENãƒˆãƒ¬ã‚«äº¤æ› #SEVENTEENäº¤æ› #KPOP #kdrama https://t.co/lXQ5bco8cY";0;0;0;0;en;1677546078068174848;1718155441597714565;Koreantal;https://twitter.com/Koreantal/status/1718155441597714565
Sat Oct 28 06:31:40 +0000 2023;1718153540038775008;""What are the chances of meeting romance on a trip?" #nayun #kdrama #webdrama  You can whatch hereâ¤µï¸  https://t.co/bkPoHguTGL https://t.co/ouTHO2zkcz";0;1;1;5;en;1348699491428409345;1718153540038775008;BTSMOMOLAND11;https://twitter.com/BTSMOMOLAND11/status/1718153540038775008
Sat Oct 28 06:30:19 +0000 2023;1718153200031649793;"Exciting news for K-drama fans! ğŸŒŸ Cha Joo Young and Lee Hyun Wook set to lead the historical drama #WonKyung on tvN and TVING in 2024. ğŸ‘‘ğŸ“º #KoreanDrama #ChaJooYoung #LeeHyunWook #kdrama  #tvN #TVING https://t.co/WdMRNiZAUt";0;0;1;3;en;1685227588178804737;1718153200031649793;asiandramaking;https://twitter.com/asiandramaking/status/1718153200031649793
Sat Oct 28 06:25:43 +0000 2023;1718152041682358734;"#SouthKorea #Korean #KDrama #Kpop #KHorror #Horrorfam #HorrorCommunity #HorrorMovies #HorrorShort #Cleaning #MisterFilmStockReacts #MarchioProductions #halloween  ê°œìƒˆë¼  -  ê³µí¬ ë‹¨í¸ ì˜í™” ë°˜ì‘ - Son of B*tch | Horror Short Film REACTION! https://t.co/aK4y3O4u7u https://t.co/QGSiLVSPHO";0;0;0;0;ko;1194390321704132609;1718152041682358734;MarchioProd;https://twitter.com/MarchioProd/status/1718152041682358734
Sat Oct 28 06:16:53 +0000 2023;1718149820911923309;"à¸ˆà¸¹à¸šà¹„à¸¡à¹ˆà¸¡à¸µà¸„à¸§à¸²à¸¡à¸«à¸¡à¸²à¸¢?   #Doona #ì´ë‘ë‚˜ #BaeSuzy #ë°°ìˆ˜ì§€ #YangSeJong #ì–‘ì„¸ì¢… #KDrama #Netflix https://t.co/SD9df86spT";2;1;27;37;th;202114902;1718149820911923309;jujiirRPG;https://twitter.com/jujiirRPG/status/1718149820911923309
Sat Oct 28 06:14:33 +0000 2023;1718149233990348960;"Do you know this #kdrama? Click to find out! https://t.co/jfmMej8IcG https://t.co/sXdi6xv3tT";0;0;0;0;en;14597638;1718149233990348960;hancinema;https://twitter.com/hancinema/status/1718149233990348960
Sat Oct 28 06:07:20 +0000 2023;1718147415486681592;"Thank you #TheWorstOfEvil Sudah menghibur dengan cerita, ketegangan, akting dan drama yg bagus banget.   #JiChangWook #WiHaJoon #ImSeMi #BIBI #Kdrama #Kdramatwt #KdramaLovers #Drakor  https://t.co/eu20lPibVJ";0;0;0;0;in;41350474;1718147415486681592;_nclrza;https://twitter.com/_nclrza/status/1718147415486681592
Sat Oct 28 06:04:06 +0000 2023;1718146602278564030;"doona &amp  wonjun   #Doona #BaeSuzy #YangSejong #Netflix #DoonaNetflix #KDrama #ElonMusk #FreePalestine    https://t.co/ygzWV6pNGs";0;0;0;1;en;1175274302;1718146602278564030;jahan_afroz;https://twitter.com/jahan_afroz/status/1718146602278564030
Sat Oct 28 06:01:17 +0000 2023;1718145894946644115;"On November 28th, Numero Tokyo will release a special edition cover featuring RIIZE!  the theme will be â€œSEVEN DREAMS: RIIZE 7 YOUTHâ€   #RIIZE #ë¼ì´ì¦ˆ @RIIZE_official #KPOP #kdrama https://t.co/UFvy9kTWqx";0;0;0;0;en;1677546078068174848;1718145894946644115;Koreantal;https://twitter.com/Koreantal/status/1718145894946644115
Sat Oct 28 06:00:01 +0000 2023;1718145576200536150;"#KoreaTravelFest2023 #KCulture #KPop #KBeauty #KFood #KDrama #klcc #klcctheplace #klconventioncentre #kualalumpurconventioncentre #ASMGlobal https://t.co/1zhtq3wfAi";0;0;30;31;qme;876723350193676288;1718145576200536150;KLCCConvention;https://twitter.com/KLCCConvention/status/1718145576200536150
Sat Oct 28 05:43:49 +0000 2023;1718141496757825689;"Worst of Evil ğŸ–¤  #worstofevil #jichangwook #wihajoon #kdrama  P/s: ğŸ¥ Video edited by me https://t.co/Ge9PLEE4SR";0;0;0;0;en;525304898;1718141496757825689;SarahReed62;https://twitter.com/SarahReed62/status/1718141496757825689
Sat Oct 28 05:41:17 +0000 2023;1718140863128412207;"#Taeyang #EyesNoseLips #ëˆˆì½”ì… #Cover  Recording, Mixing &amp  Mastering : @iamfaturrachman Cover by : @aroviardian   #Kpop #Bigbang #Coversong #Koreansong #Koreanbbq #Kimchi #Kdrama #Soju #Ramyeon https://t.co/7WAUjzaiED";0;0;1;0;en;1694039341516144640;1718140863128412207;LiewKangKang;https://twitter.com/LiewKangKang/status/1718140863128412207
Sat Oct 28 05:32:27 +0000 2023;1718138639929188739;"#TheKingEternalMonarch #LeeMinHo #KimGoeun #MustWatch #Netflix #kdrama #koreandrama";0;0;0;1;qht;813684583552012288;1718138639929188739;gadgets24_now;https://twitter.com/gadgets24_now/status/1718138639929188739
Sat Oct 28 05:17:54 +0000 2023;1718134978289250353;"Wow! How long she takes for this?  #kdrama #starlinkforgaza #IsraeliNewNazism #koreangirl #malaygirl https://t.co/deviKmsnGT";0;0;0;0;en;577066114;1718134978289250353;kelakken;https://twitter.com/kelakken/status/1718134978289250353
Sat Oct 28 05:15:04 +0000 2023;1718134265345347684;"#ë¡œìš´ #RoWoon #KimSeokWoo #ãƒ­ã‚¦ãƒ³ #ì´ì—°ì• ëŠ”ë¶ˆê°€í•­ë ¥ #Destinedwithyou #kdrama #theMatchmakers";0;0;1;5;qht;1387816082476605444;1718134265345347684;SepguJo;https://twitter.com/SepguJo/status/1718134265345347684
Sat Oct 28 05:03:03 +0000 2023;1718131240753316215;"[Photos] New Stills Added for the #kdrama "The Third Marriage": ğŸ‘‰ ğŸ”— Read: https://t.co/bfWcnO80Yq #kdrama #KoreanDrama #Korea #Korean https://t.co/9rtuX3qt3I";0;0;0;0;en;14597638;1718131240753316215;hancinema;https://twitter.com/hancinema/status/1718131240753316215
Sat Oct 28 04:55:15 +0000 2023;1718129277596844341;"Finally finished this (â€” long weekend, baby!). I love this squad. Ending's kinda sad but I know they will strive and continue to look after each other. Indeed, what a harsh world. I say "please protect". Well, I'm done! THANK YOU VERY MUCH!!!  #DP2 #DeserterPursuit2 #KDrama https://t.co/R0Y9XhyCew";0;0;0;0;en;1175288368483033088;1718129277596844341;cgm_dramas;https://twitter.com/cgm_dramas/status/1718129277596844341
Sat Oct 28 04:52:33 +0000 2023;1718128595867152643;"ï¼ƒDEALã€€#Viki  27æ—¥å¾Œã«é…ä¿¡ã€‚ 11/24ï¼ˆé‡‘ï¼‰ã‹ï¼Ÿ  #ãƒ¦ãƒ»ã‚¹ãƒ³ãƒ›ã€€#ãƒ¦ã‚¹ãƒ³ãƒ›ã€€#yooseungho #å–å¼•ã€€#Thedeal #ìœ ìŠ¹í˜¸ #éŸ“å›½ãƒ‰ãƒ©ãƒã€€#éŸ“ãƒ‰ãƒ©ã€€#ãƒ‰ãƒ©ãƒã€€#kdrama https://t.co/NEwMQhIBXy";1;1;3;8;ja;80520199;1718128595867152643;gosheaven;https://twitter.com/gosheaven/status/1718128595867152643
Sat Oct 28 04:39:20 +0000 2023;1718125272929603797;"Si, si estoy volviendo a ver #reply1988 y super confirmo porque lo amo tanto, siempre siempre cada capÃ­tulo me saca una lÃ¡grima #kdrama https://t.co/hel3wIajbl";0;0;0;0;es;1480629199220133899;1718125272929603797;LilyMendoza0812;https://twitter.com/LilyMendoza0812/status/1718125272929603797
Sat Oct 28 04:37:30 +0000 2023;1718124808683352467;"#ParkEunbin returns in #CastawayDiva (#ë¬´ì¸ë„ì˜ë””ë°”) premiering October 28th on Netflix &amp  tvN! Watch trailer+clip on #POPCORNX: https://t.co/v9Ae5Jnlvt  Featured here are the final poster &amp  teasers, cheers.  #KDRAMA #ENTERTAINME https://t.co/5CT5qHqNl8";0;0;0;1;en;8932142;1718124808683352467;toysrevil;https://twitter.com/toysrevil/status/1718124808683352467
Sat Oct 28 04:36:04 +0000 2023;1718124448036094192;"[Photos] New Stills Added for the #kdrama "A Good Day to Be a Dog": ğŸ‘‰ ğŸ”— Read: https://t.co/ZKMbikKS3o #kdrama #KoreanDrama #Korea #Korean https://t.co/cs6YA9PKh0";0;0;0;0;en;14597638;1718124448036094192;hancinema;https://twitter.com/hancinema/status/1718124448036094192
Sat Oct 28 04:30:32 +0000 2023;1718123054788903161;"Worst of Evil ğŸ–¤  #worstofevil #jichangwook #wihajoon #kdrama  P/s: ğŸ¥ Video edited by me   https://t.co/pakCTS4nWb";0;0;0;0;en;525304898;1718123054788903161;SarahReed62;https://twitter.com/SarahReed62/status/1718123054788903161
Sat Oct 28 04:09:04 +0000 2023;1718117652915429840;"[Photos] New Stills Added for the Upcoming #kdrama "The Story of Park's Marriage Contract": ğŸ‘‰ ğŸ”— Read: https://t.co/woZa9EwWN8 #kdrama #KoreanDrama #Korea #Korean https://t.co/jSZfLWtRwr";0;0;0;0;en;14597638;1718117652915429840;hancinema;https://twitter.com/hancinema/status/1718117652915429840
Sat Oct 28 04:00:01 +0000 2023;1718115377169781201;"Won-jun out there, not afraid to wear his heart on his sleeve ğŸ¥º  #Doona #ì´ë‘ë‚˜ #BaeSuzy #ë°°ìˆ˜ì§€ #YangSeJong #ì–‘ì„¸ì¢… #KDrama #Netflix https://t.co/VTuG5mvWpb";7;1;124;529;en;763551860787515393;1718115377169781201;Netflix_PH;https://twitter.com/Netflix_PH/status/1718115377169781201
Sat Oct 28 03:44:53 +0000 2023;1718111570113544620;"Ayan tayo e #kdrama pa more written by women kaya kuhang kuha tayo ğŸ¥¹ https://t.co/1mU2G2y3nX";0;0;0;0;tl;367895158;1718111570113544620;Louise_wis;https://twitter.com/Louise_wis/status/1718111570113544620
Sat Oct 28 03:41:33 +0000 2023;1718110729658827004;"[Photos] New Stills Added for the #kdrama "My Dearest": ğŸ‘‰ ğŸ”— Read: https://t.co/QJ8M1UiopK #kdrama #KoreanDrama #Korea #Korean https://t.co/nzufrXrK77";0;0;0;1;en;14597638;1718110729658827004;hancinema;https://twitter.com/hancinema/status/1718110729658827004
Sat Oct 28 03:14:33 +0000 2023;1718103934747984199;"[Photos] New Stills Added for the #kdrama "The Escape of the Seven": ğŸ‘‰ ğŸ”— Read: https://t.co/K97J0ooFOs #kdrama #KoreanDrama #Korea #Korean https://t.co/4PUeBqKdEH";0;0;0;2;en;14597638;1718103934747984199;hancinema;https://twitter.com/hancinema/status/1718103934747984199
Sat Oct 28 03:11:49 +0000 2023;1718103248626913686;"Kim Jiwon x Son Seok-koo: Are they compatible? #kimjiwon #sonseokkoo #myliberationnotes #khoroact #i1goo #kdrama  Full vdo  at YT:I1goo ğŸ‘‡ https://t.co/Y9OywA2m40";0;0;0;2;en;968865604718403585;1718103248626913686;Party45301301;https://twitter.com/Party45301301/status/1718103248626913686
Sat Oct 28 03:04:29 +0000 2023;1718101403158405541;"&lt Castaway Diva&gt  will be available tonight on TVING and NetflixğŸŒ´ #StudioDragon #CastawayDiva #kdrama https://t.co/AlflDRj0nc";1;0;38;91;en;1661269379462623232;1718101403158405541;studiodragonKR;https://twitter.com/studiodragonKR/status/1718101403158405541
Sat Oct 28 03:01:49 +0000 2023;1718100730479784382;"Ep11 #theescapeoftheseven #kseries #koreandrama #kdrama #kdramalover #kdramaedit #kdramafyp #fyp #kimsoyeon https://t.co/Z0Yhuo402o";0;0;0;0;und;1642741496515559424;1718100730479784382;hooradrama;https://twitter.com/hooradrama/status/1718100730479784382
Sat Oct 28 02:56:37 +0000 2023;1718099421903163608;"Fake Scene â€¼ï¸ #namjihyun #choihyunwook #kimmooyul #jungdabin #hicookie #highcookie #kseries #koreandrama #kdrama #kdramalover #kdramaedit #kdramafyp #fyp https://t.co/xakEeg7Xlg";0;0;2;3;en;1642741496515559424;1718099421903163608;hooradrama;https://twitter.com/hooradrama/status/1718099421903163608
Sat Oct 28 02:49:53 +0000 2023;1718097725583950041;"Already feeling bad for her ğŸ˜” FAKE BLOOD #namjihyun #choihyunwook #kimmooyul #jungdabin #hicookiekdrama #hicookie #kseries #koreandrama #kdrama #kdramalover #kdramaedit #kdramafyp #fyp https://t.co/hDI69TgHLe";0;0;0;3;en;1642741496515559424;1718097725583950041;hooradrama;https://twitter.com/hooradrama/status/1718097725583950041
Sat Oct 28 02:48:46 +0000 2023;1718097444876190002;"the way vivian has chemistry with both the lead male characters. ğŸ˜­ #loversinparis #kdrama";0;0;0;0;en;1367279023;1718097444876190002;countessgucci;https://twitter.com/countessgucci/status/1718097444876190002
Sat Oct 28 02:47:56 +0000 2023;1718097235513135216;"THEM â¤ï¸_ğŸ©¹ #twinklingwatermelon #choihyunwook #shineunsoo #kseries #koreandrama #kdrama #kdramalover #kdramaedit #kdramafyp #fyp https://t.co/B7QKJmP6xh";0;0;0;4;en;1642741496515559424;1718097235513135216;hooradrama;https://twitter.com/hooradrama/status/1718097235513135216
Sat Oct 28 02:47:33 +0000 2023;1718097141942637006;"[Photos] New Stills Added for the Upcoming #kdrama "Drama Special 2023 - Shoot for Love": ğŸ‘‰ ğŸ”— Read: https://t.co/8MWVDKlObr #kdrama #KoreanDrama #Korea #Korean https://t.co/vwDLdygxit";0;0;0;0;en;14597638;1718097141942637006;hancinema;https://twitter.com/hancinema/status/1718097141942637006
Sat Oct 28 02:46:07 +0000 2023;1718096777461604359;"Upcoming kdrama MY DEMON â¤ï¸_ğŸ”¥ğŸ¥¹ #kimyoojung #songkang #upcomingkdrama #mydemon #songkangedit #kimyoojungedit #kseries #koreandrama #kdrama #kdramalover #kdramaedit #kdramafyp #fyp https://t.co/crwsk9xn2x";0;0;3;17;en;1642741496515559424;1718096777461604359;hooradrama;https://twitter.com/hooradrama/status/1718096777461604359
Sat Oct 28 02:28:08 +0000 2023;1718092251673604590;"Netflix 'ì´ë‘ë‚˜!' ì œì‘ë°œí‘œíšŒ ë°°ìš° ë°°ìˆ˜ì§€(SUZY è£µç§€æ™º) ì‘ì› ë“œë¦¬ë¯¸ ìŒ€í™”í™˜-MYSUZYTHAILAND: #ë°°ìˆ˜ì§€ #ìˆ˜ì§€ #SUZY #è£µç§€æ™º #ì´ë‘ë‚˜ #netflix #ì œì‘ë°œí‘œíšŒ #ì½˜ì„œíŠ¸ #ìŒ€í™”í™˜ #ë“œë¦¬ë¯¸ #Dreame #KDRAMA #ìŒ€í™”í™˜ì„œí¬íŠ¸ #KPOP #MYSUZYTHAILAND https://t.co/Nmi3eKp89Y";0;0;30;62;ko;109884432;1718092251673604590;dreamecokr;https://twitter.com/dreamecokr/status/1718092251673604590
Sat Oct 28 02:26:17 +0000 2023;1718091787464827269;"Netflix 'ì´ë‘ë‚˜!' ì œì‘ë°œí‘œíšŒ ë°°ìš° ë°°ìˆ˜ì§€(SUZY è£µç§€æ™º) ì‘ì› ë“œë¦¬ë¯¸ ìŒ€í™”í™˜-BAESUZY BAR: #ë°°ìˆ˜ì§€ #ìˆ˜ì§€ #SUZY #è£µç§€æ™º #ì´ë‘ë‚˜ #netflix #ì œì‘ë°œí‘œíšŒ #ì½˜ì„œíŠ¸ #ìŒ€í™”í™˜ #ë“œë¦¬ë¯¸ #Dreame #KDRAMA #ìŒ€í™”í™˜ì„œí¬íŠ¸ #KPOP #BAESUZY_BAR #ë°°ìˆ˜ì§€ë°” https://t.co/QJv2D5Ivyt";0;0;69;177;ko;109884432;1718091787464827269;dreamecokr;https://twitter.com/dreamecokr/status/1718091787464827269
Sat Oct 28 02:23:36 +0000 2023;1718091111275868323;"Netflix 'ì´ë‘ë‚˜!' ì œì‘ë°œí‘œíšŒ ë°°ìš° ë°°ìˆ˜ì§€(SUZY è£µç§€æ™º) ì‘ì› ë“œë¦¬ë¯¸ ìŒ€í™”í™˜-BAESUZY BAR: #ë°°ìˆ˜ì§€ #ìˆ˜ì§€ #SUZY #è£µç§€æ™º #ì´ë‘ë‚˜ #netflix #ì œì‘ë°œí‘œíšŒ #ì½˜ì„œíŠ¸ #ìŒ€í™”í™˜ #ë“œë¦¬ë¯¸ #Dreame #KDRAMA #ìŒ€í™”í™˜ì„œí¬íŠ¸ #KPOP #BAESUZY_BAR #ë°°ìˆ˜ì§€ë°” https://t.co/4XSXDkmqOE";0;0;0;1;ko;109884432;1718091111275868323;dreamecokr;https://twitter.com/dreamecokr/status/1718091111275868323
Sat Oct 28 02:17:57 +0000 2023;1718089690644197580;"The King: Eternal Monarch   #TheKingEternalMonarch #LeeMinHo #KimGoeun #MustWatch #Netflix #kdrama #koreandrama";0;0;0;1;en;813684583552012288;1718089690644197580;gadgets24_now;https://twitter.com/gadgets24_now/status/1718089690644197580
Sat Oct 28 02:20:08 +0000 2023;1718090242153152813;"[Photos] New Stills Added for the Upcoming #kdrama "Korea-Khitan War": ğŸ‘‰ ğŸ”— Read: https://t.co/QmHLJOQmtp #kdrama #KoreanDrama #Korea #Korean https://t.co/pire197kX6";0;0;0;1;en;14597638;1718090242153152813;hancinema;https://twitter.com/hancinema/status/1718090242153152813
Sat Oct 28 02:16:45 +0000 2023;1718089389920674134;"ĞŸÑÑ‚ÑŒ ĞºĞ¾Ñ€ĞµĞ¹ÑĞºĞ¸Ñ… Ğ´Ğ¾Ñ€Ğ°Ğ¼ Ğ¾Ğ± ÑƒĞ¶Ğ°ÑĞ°Ñ…, Ğ¿Ñ€Ğ¾Ğ¸ÑÑ…Ğ¾Ğ´ÑÑ‰Ğ¸Ñ… Ğ² Ñ‚Ğ²Ğ¾ĞµĞ¼ Ğ´Ğ¾Ğ¼Ğµ https://t.co/Ku6GDRiM8Z #kdrama #kdramas #Ğ´Ğ¾Ñ€Ğ°Ğ¼Ñ‹ #ÑƒĞ¶Ğ°ÑÑ‹ #Ğ½ÑƒĞ°Ñ€ #Ñ‚Ñ€Ğ¸Ğ»Ğ»ĞµÑ€";0;0;0;0;ru;1459485665238949897;1718089389920674134;FanAsiaOfficial;https://twitter.com/FanAsiaOfficial/status/1718089389920674134
Sat Oct 28 02:15:47 +0000 2023;1718089147532104068;"One word for "The King Eternal Monarch" is  "Enthralling" .  #TheKingEternalMonarch #LeeMinHo #KimGoeun #MustWatch #Netflix #kdrama #koreandrama https://t.co/OpiPIiE6rq";3;0;6;27;en;813684583552012288;1718089147532104068;gadgets24_now;https://twitter.com/gadgets24_now/status/1718089147532104068
Sat Oct 28 02:04:22 +0000 2023;1718086272646803887;"This decade's most streamed female solo debut song on #MelOn:   #1 Yena, SMiLEY (feat. BIBI) â€” 80.9M #2 #ROSÃ‰, On The Ground â€” 80.8M #3 Nayeon, POP! â€” 69.8M #4 #JISOO, FLOWER â€” 66.7M #5 JOY, Hello â€” 66.6M  #BLACKPINK #ë¸”ë™í•‘í¬ #Kpop #kpoptwt #koreangirl #kdrama #Songs #Album https://t.co/ig28RXFnS6";0;0;0;2;en;1676470818120040448;1718086272646803887;BlackpinkAmeric;https://twitter.com/BlackpinkAmeric/status/1718086272646803887
Sat Oct 28 01:59:37 +0000 2023;1718085077089816949;"The following female groups have had the most songs on #Spotify surpass 200 million plays:   #1 @BLACKPINK â€“ 21(+1) #2 Little Mix â€“ 12 #3 TWICE â€“ 9  #BLACKPINK #Kpop #koreangirl #kdrama #Album #Songs #music https://t.co/RFJA5kB9G9";0;0;0;3;en;1676470818120040448;1718085077089816949;BlackpinkAmeric;https://twitter.com/BlackpinkAmeric/status/1718085077089816949
Sat Oct 28 01:58:30 +0000 2023;1718084797975712116;"Taking a closer look: #yumiscells #kdrama https://t.co/L9kwpskF4h";0;0;0;1;en;1137986141481684992;1718084791877157099;yellowbyeol_;https://twitter.com/yellowbyeol_/status/1718084797975712116
Sat Oct 28 01:58:29 +0000 2023;1718084791877157099;"I finally built it! ğŸ«¶ğŸ» #yumiscells #kdrama https://t.co/woQvUdo3AK";0;1;0;9;en;1137986141481684992;1718084791877157099;yellowbyeol_;https://twitter.com/yellowbyeol_/status/1718084791877157099
Sat Oct 28 01:54:44 +0000 2023;1718083846267146686;"I just finished #Doona . I absolutely loved this show. Truly a slow burn. Aching tension. Longing. Small, quiet moments. This is why I love #Kdramas so much. It made me want to be in love. #DoonaNetflix #Kdrama ğŸ¥°ğŸ’• https://t.co/5NvzC3il4N";0;0;0;6;en;89374147;1718083846267146686;BrotherEzra;https://twitter.com/BrotherEzra/status/1718083846267146686
Sat Oct 28 01:53:05 +0000 2023;1718083433023545837;"[Photos] New Stills Added for the Upcoming #kdrama "Castaway Diva": ğŸ‘‰ ğŸ”— Read: https://t.co/XyrE9xviIb #kdrama #KoreanDrama #Korea #Korean https://t.co/Qj2b8lpAoR";0;0;0;0;en;14597638;1718083433023545837;hancinema;https://twitter.com/hancinema/status/1718083433023545837
Sat Oct 28 01:50:01 +0000 2023;1718082660848083330;"relate bnget si kmu doona :)  #kdrama #LeeDoona #quotesdaily https://t.co/QPTkhrFsNH";0;0;0;0;in;562608863;1718082660848083330;nppta14;https://twitter.com/nppta14/status/1718082660848083330
Sat Oct 28 01:36:51 +0000 2023;1718079345963704342;"Embrace Your Fear with Top 8 Korean Ghost Horror Series  https://t.co/Yo9KFAADo8 #hwayugi #koreaodyssey #hellbound #missingtheotherside #island #masterssun #sellyourhauntedhouse #thecursed #theghostdetective #Halloween #Halloween2023 #koreanhorrorseries #horrorseries #kdrama";0;0;0;0;en;1237962581253357569;1718079345963704342;kpopppost;https://twitter.com/kpopppost/status/1718079345963704342
Sat Oct 28 01:12:10 +0000 2023;1718073136879632464;"[Photos] New Stills Added for the #kdrama "Twinkling Watermelon": ğŸ‘‰ ğŸ”— Read: https://t.co/Nk7ixvKNVc #kdrama #KoreanDrama #Korea #Korean https://t.co/wPzYGvXrZ5";0;0;0;0;en;14597638;1718073136879632464;hancinema;https://twitter.com/hancinema/status/1718073136879632464
Sat Oct 28 01:09:16 +0000 2023;1718072407536333024;"ENA 'ì•…ì¸ì „ê¸°' ì œì‘ë°œí‘œíšŒ ë°°ìš° ê¹€ì˜ê´‘(Kim YoungKwang é‡‘è‹±å…‰) ì‘ì› ë“œë¦¬ë¯¸ ìŒ€í™”í™˜-ê¹€ì˜ê´‘ ê³µì‹íŒ¬ì¹´í˜ ê¸€ë¡œë¦¬ì–´ìŠ¤ GLORIOUS:#ì•…ì¸ì „ê¸° #ENA #ê¹€ì˜ê´‘ #KimYoungKwang #é‡‘è‹±å…‰ #KimGlory #ì œì‘ë°œí‘œíšŒ #ìŒ€í™”í™˜ #ë“œë¦¬ë¯¸ #Dreame #ìŒ€í™”í™˜ì„œí¬íŠ¸ #KPOP #KDRAMA #ê¹€ì˜ê´‘_ê³µì‹íŒ¬ì¹´í˜_ê¸€ë¡œë¦¬ì–´ìŠ¤_GLORIOUS https://t.co/qFmPY6q4bM";0;0;1;8;ko;109884432;1718072407536333024;dreamecokr;https://twitter.com/dreamecokr/status/1718072407536333024
Sat Oct 28 01:08:47 +0000 2023;1718072283099701318;"Temukan dan dapatkan Aesthetic Drawing Canvas Tote Bag KDrama Extraordinary Attorney Woo hanya Rp89.100 di Shopee sekarang juga! https://t.co/rYpN4x3N3L #ShopeeID #ExtraordinaryAttorneyWoo #ParkEunBin #KangTaeOh #kdrama #fanart #readystock #canvasbag #totebag #Shopee https://t.co/5M3kUzplVt";0;0;1;1;in;1686310228391018497;1718072283099701318;petitesori;https://twitter.com/petitesori/status/1718072283099701318
Sat Oct 28 01:06:55 +0000 2023;1718071813631316239;"ENA 'ì•…ì¸ì „ê¸°' ì œì‘ë°œí‘œíšŒ ë°°ìš° ê¹€ì˜ê´‘(Kim YoungKwang é‡‘è‹±å…‰) ì‘ì› ë“œë¦¬ë¯¸ ìŒ€í™”í™˜-ê¹€ì˜ê´‘ ê³µì‹íŒ¬ì¹´í˜ ê¸€ë¡œë¦¬ì–´ìŠ¤ GLORIOUS:#ì•…ì¸ì „ê¸° #ENA #ê¹€ì˜ê´‘ #KimYoungKwang #é‡‘è‹±å…‰ #KimGlory #ì œì‘ë°œí‘œíšŒ #ìŒ€í™”í™˜ #ë“œë¦¬ë¯¸ #Dreame #ìŒ€í™”í™˜ì„œí¬íŠ¸ #KPOP #KDRAMA #ê¹€ì˜ê´‘_ê³µì‹íŒ¬ì¹´í˜_ê¸€ë¡œë¦¬ì–´ìŠ¤_GLORIOUS https://t.co/S6XrGGONOy";0;0;1;8;ko;109884432;1718071813631316239;dreamecokr;https://twitter.com/dreamecokr/status/1718071813631316239
Sat Oct 28 01:04:05 +0000 2023;1718071103191466392;"Another Trailer is Available for #CastawayDiva https://t.co/CPZhTGYejB  #kdrama";0;0;0;0;en;3311528430;1718071103191466392;Kdrama_Kisses;https://twitter.com/Kdrama_Kisses/status/1718071103191466392
Sat Oct 28 00:59:18 +0000 2023;1718069896381091887;"KIM HEE AE  #kimheeae   #ê¹€í¬ì•  #trending  #jijinhee #QueenMaker #é‡‘å–œçˆ± #í€¸ë©”ì´ì»¤   #yooahin #kdrama #theworldofthemarried #awifescredentials  #secretloveaffair #secondtolastlove #trend #trending #howlongivekissed #queenmaker #kimsoohyun https://t.co/Hdi5O0P2C0";0;0;3;15;hi;816221576;1718069896381091887;maricelgliponao;https://twitter.com/maricelgliponao/status/1718069896381091887
Sat Oct 28 00:58:19 +0000 2023;1718069649823207484;"Drama: The Escape Of The Seven: War for Survival EpisÃ³dios: 11/17  DisponÃ­vel no site e no bot do Telegram! Link na bio. ğŸ’œ  #dramacon #kdrama #theescapeoftheseven https://t.co/TzNpuTgMcp";0;0;0;2;pt;1392640107459530757;1718069649823207484;dramaconfansubs;https://twitter.com/dramaconfansubs/status/1718069649823207484
Sat Oct 28 00:56:58 +0000 2023;1718069311645024737;"SF9 íŒ¬ì½˜ 'ONE DAY PROJECT OF9 -unlock FANDORA-' SF9 íœ˜ì˜(HwiYoung) ì‘ì› ë¼ë©´ë“œë¦¬ë¯¸í™”í™˜:#sf9 #íœ˜ì˜ #HwiYoung #ì½˜ì„œíŠ¸ #ìŒ€í™”í™˜ #ë“œë¦¬ë¯¸ #Dreame #KPOP #KDRAMA #ê¹€ì˜ê·   #unlock_FANDORA https://t.co/OyDi67vpoB";0;0;1;3;ko;109884432;1718069311645024737;dreamecokr;https://twitter.com/dreamecokr/status/1718069311645024737
Sat Oct 28 00:56:51 +0000 2023;1718069281534210251;"ENA 'ì•…ì¸ì „ê¸°' ì œì‘ë°œí‘œíšŒ ë°°ìš° ê¹€ì˜ê´‘(Kim YoungKwang é‡‘è‹±å…‰) ì‘ì› ë“œë¦¬ë¯¸ ìŒ€í™”í™˜-GLORIOUS KIM YOUNGKWANG INDONESIA:#ì•…ì¸ì „ê¸° #ENA #ê¹€ì˜ê´‘ #KimYoungKwang #é‡‘è‹±å…‰ #KimGlory #ì œì‘ë°œí‘œíšŒ #ìŒ€í™”í™˜ #ë“œë¦¬ë¯¸ #Dreame #ìŒ€í™”í™˜ì„œí¬íŠ¸ #KPOP #KDRAMA #GLORIOUS_KIMYOUNGKWANG_INDONESIA https://t.co/NRx1eWeL3Y";0;0;1;6;ko;109884432;1718069281534210251;dreamecokr;https://twitter.com/dreamecokr/status/1718069281534210251
Sat Oct 28 00:56:50 +0000 2023;1718069277801189389;"ENA 'ì•…ì¸ì „ê¸°' ì œì‘ë°œí‘œíšŒ ë°°ìš° ê¹€ì˜ê´‘(Kim YoungKwang é‡‘è‹±å…‰) ì‘ì› ë“œë¦¬ë¯¸ ìŒ€í™”í™˜-GLORIOUS KIM YOUNGKWANG INDONESIA:#ì•…ì¸ì „ê¸° #ENA #ê¹€ì˜ê´‘ #KimYoungKwang #é‡‘è‹±å…‰ #KimGlory #ì œì‘ë°œí‘œíšŒ #ìŒ€í™”í™˜ #ë“œë¦¬ë¯¸ #Dreame #ìŒ€í™”í™˜ì„œí¬íŠ¸ #KPOP #KDRAMA #GLORIOUS_KIMYOUNGKWANG_INDONESIA https://t.co/mEjlDqi4wS";0;0;1;7;ko;109884432;1718069277801189389;dreamecokr;https://twitter.com/dreamecokr/status/1718069277801189389
Sat Oct 28 00:54:43 +0000 2023;1718068746189668567;"ğŸ’œ ~The Rizz Gods are calling you ~ ğŸ’œ  Let's enter my Minecraft era together and then bg3 later ğŸ’œ  https://t.co/K6GMqbY0oN  #Minecraft #gaming #BaldursGate3 #BG3 #DnD #twitchstreamer #smallstreamer #streaming #anime #kpop #kdrama #SmallStreamerCommunity #SupportSmallStreamers";0;0;0;0;en;184487032;1718068746189668567;Mikalan_143;https://twitter.com/Mikalan_143/status/1718068746189668567
Sat Oct 28 00:52:50 +0000 2023;1718068271851659579;"WE'RE LIVE MY LOVESSS!!! ğŸš¨  Day 2 of 100 Day Survival Challenge: DUNGEON DIVING &amp  THEN BALDUR'S GATE 3  https://t.co/K6GMqbY0oN    #Minecraft #gaming #twitch #twitchstreamer #smallstreamer #streaming #anime #kpop #kdrama #progamer #SmallStreamerCommunity #SupportSmallStreamers";0;1;0;0;en;184487032;1718068271851659579;Mikalan_143;https://twitter.com/Mikalan_143/status/1718068271851659579
Sat Oct 28 00:51:24 +0000 2023;1718067911842033711;"WE'RE LIVE MY LOVESSS!!! ğŸš¨ğŸš¨  DAY 2 OF 100 Day Survival Challenge: DUNGEON DIVING?   #Minecraft #gaming #twitch #twitchstreamer #smallstreamer #streaming #anime #kpop #kdrama #progamer #SmallStreamerCommunity #SupportSmallStreamers   https://t.co/K6GMqbY0oN";0;0;0;0;en;184487032;1718067911842033711;Mikalan_143;https://twitter.com/Mikalan_143/status/1718067911842033711
Sat Oct 28 00:45:05 +0000 2023;1718066318669435358;"[Photos] New Stills Added for the #kdrama "Strong Girl Nam-soon": ğŸ‘‰ ğŸ”— Read: https://t.co/egeMPtzIXq #kdrama #KoreanDrama #Korea #Korean https://t.co/5JBNMoUjlM";0;0;0;0;en;14597638;1718066318669435358;hancinema;https://twitter.com/hancinema/status/1718066318669435358
Sat Oct 28 00:43:40 +0000 2023;1718065961595461640;"Terminei O pior do Mal e agora posso dizer: O Ji Chang Wook em pior do mal &gt &gt &gt &gt &gt &gt &gt &gt &gt &gt &gt &gt &gt &gt  The K2   #Kdrama #WorstOfEvil  #JiChangWook  #Wihajoon";0;0;0;0;pt;1703015326340857856;1718065961595461640;hamzzzs2;https://twitter.com/hamzzzs2/status/1718065961595461640
Sat Oct 28 00:17:33 +0000 2023;1718059389171687784;"[Photos] New Script Reading Photos Added for the Upcoming #kdrama "Maestra: Strings of Truth": ğŸ‘‰ ğŸ”— Read: https://t.co/wn87PhKfWU #kdrama #KoreanDrama #Korea #Korean https://t.co/FyQcsN3Hez";0;0;0;0;en;14597638;1718059389171687784;hancinema;https://twitter.com/hancinema/status/1718059389171687784
Fri Oct 27 23:56:08 +0000 2023;1718054000661061715;"#TheEscapeOfTheSeven  11. bÃ¶lÃ¼mÃ¼yle sitemizde. Ä°zlemek iÃ§in: https://t.co/OFJAEn1Dqi  #TheEscapeoftheSevenEp11 #uhmkijoon #escapeofthesevenep11 #hwangjungeum #escapeoftheseven #kdrama #koreandrama #diziasya #diziasyacom https://t.co/pmPeYJZwsP";0;0;0;0;tr;1695858275235831808;1718054000661061715;diziasyacom;https://twitter.com/diziasyacom/status/1718054000661061715
Fri Oct 27 23:50:33 +0000 2023;1718052596957823257;"[Photos + Video] New Stills and Teaser Added for the Upcoming #kdrama "My Demon": ğŸ‘‰ ğŸ”— Read: https://t.co/kU33NyhL0R #kdrama #KoreanDrama #Korea #Korean https://t.co/o1r9si75tE";0;0;0;0;en;14597638;1718052596957823257;hancinema;https://twitter.com/hancinema/status/1718052596957823257
Fri Oct 27 23:38:47 +0000 2023;1718049636496413116;"I'm not expecting to like this couple tbh but ğŸ¥ºğŸ˜­ And I wanted to make a lot of edits of this drama but I'm getting lazy cause no one will watch anyway #twinklingwatermelon #kdrama #SeolInAh #Ryeoun https://t.co/0OFX1DVJhO";0;0;2;17;en;728088547635253248;1718049636496413116;sugalove17;https://twitter.com/sugalove17/status/1718049636496413116
Fri Oct 27 23:35:08 +0000 2023;1718048714667807045;"Eu amo um casal ğŸ¥°ğŸ˜ğŸ’œ  #SeeYouInMy19thLife #ShinHyeSun #AhnBoHyun #Kdrama #Dorama https://t.co/MdH4lmxdYo";0;0;0;0;pt;1142987096916922368;1718048714667807045;AndyDramas;https://twitter.com/AndyDramas/status/1718048714667807045
Fri Oct 27 23:23:12 +0000 2023;1718045714704687424;"[Photos + Video] New Behind-the-scene Stills and Video Added for the Upcoming #kdrama "The Matchmakers": ğŸ‘‰ ğŸ”— Read: https://t.co/inaHzn9vbl #kdrama #KoreanDrama #Korea #Korean https://t.co/K5l5WYevdQ";0;0;0;3;en;14597638;1718045714704687424;hancinema;https://twitter.com/hancinema/status/1718045714704687424
Fri Oct 27 23:13:49 +0000 2023;1718043353999102164;"O MELHOR DO KPOP 24 HORAS Ã‰ AQUI NA SUA RÃDIO FÃŠNIX 88. APP: fenix88 SITE: https://t.co/UGXCOK5K4k #kpopfff  #kpop  #dorama  #kdrama https://t.co/MQQN8md4mJ";0;0;0;0;pt;85645685;1718043353999102164;anjosdofogo;https://twitter.com/anjosdofogo/status/1718043353999102164
Fri Oct 27 23:11:09 +0000 2023;1718042681757024279;"ğŸ‘‘ COMPLETO ğŸš¨  â€¢Titulo: THE WORST OF EVIL  â€£DisponÃ­vel no CANAL: https://t.co/CtDbIvbfno  ğŸ©·Se toca mulher.  #Elitefansub #completo  #theworstofevil #kdrama #outubrorosa https://t.co/AmbQMl2MZv";0;0;0;0;pt;1634260696027242504;1718042681757024279;EliteFansub;https://twitter.com/EliteFansub/status/1718042681757024279
Fri Oct 27 23:10:09 +0000 2023;1718042428475675005;"ğŸ‘‘ ATUALIZAÃ‡ÃƒO ğŸš¨  â€¢Titulo: THE KILLING VOTE   â€£DisponÃ­vel no CANAL: https://t.co/CtDbIvbfno  ğŸ©·Se toca mulher.  #Elitefansub #atualizacao  #thekillingvote #kdrama #outubrorosa https://t.co/V6z3tkTL98";0;0;0;0;pt;1634260696027242504;1718042428475675005;EliteFansub;https://twitter.com/EliteFansub/status/1718042428475675005
Fri Oct 27 22:56:17 +0000 2023;1718038937749401834;"Ep 15 of #MyDearest earned STEADY ratings, but my guess is the #Kdrama's highest ratings are still to come during final 3 episodes, as we learn where Gil Chae and Jang Hyun's relationship ends up. (â¤ï¸ or ğŸ’”?) #NamkoongMin #AhnEunJin #LeeHakJoo #LeeDaIn  https://t.co/L7kpciQABi https://t.co/CUUr7bCPWX";0;0;0;0;en;2558798136;1718038937749401834;LeoSigh;https://twitter.com/LeoSigh/status/1718038937749401834
Fri Oct 27 22:39:06 +0000 2023;1718034613765853305;"- Amoo elesğŸ«¶ğŸ¥¹  #twinklingwatermelon #kdrama #dorama #choihyunwook #shineunsoo #ryeoun #hayichan https://t.co/m7D0IlOUlx";0;0;0;2;es;1681707213771898895;1718034613765853305;Coelhinhaa00;https://twitter.com/Coelhinhaa00/status/1718034613765853305
Fri Oct 27 22:38:33 +0000 2023;1718034475857129759;"#ë¡œìš´ #RoWoon #KimSeokWoo #ãƒ­ã‚¦ãƒ³ #ì´ì—°ì• ëŠ”ë¶ˆê°€í•­ë ¥ #Destinedwithyou #kdrama #theMatchmakers";0;0;0;3;qht;1387816082476605444;1718034475857129759;SepguJo;https://twitter.com/SepguJo/status/1718034475857129759
Fri Oct 27 22:38:23 +0000 2023;1718034435939967391;"#ë¡œìš´ #RoWoon #KimSeokWoo #ãƒ­ã‚¦ãƒ³ #ì´ì—°ì• ëŠ”ë¶ˆê°€í•­ë ¥ #Destinedwithyou #kdrama #theMatchmakers";0;0;0;1;qht;1387816082476605444;1718034435939967391;SepguJo;https://twitter.com/SepguJo/status/1718034435939967391
Fri Oct 27 22:38:14 +0000 2023;1718034397092343995;"Rowoon left FS9 because of his back and knee problems and will now dedicate himself to being an actor where he will continue to have back problems in the romantic scenes with the actresses! ğŸ˜‚ğŸ˜‚ğŸ˜‚ğŸ˜‚ğŸ˜‚  #DestinedWithYou #ROWOON  #kdrama https://t.co/8tNex4uaWD";0;0;0;5;en;1566280778086076416;1718034397092343995;Crisssssilveira;https://twitter.com/Crisssssilveira/status/1718034397092343995
Fri Oct 27 22:37:16 +0000 2023;1718034154477019437;"O Rowoon largou o FS9 por causa de seus problemas nas costas e joelho e agora vai se dedicar a ser ator onde continuarÃ¡ a ter problemas de coluna nas cenas romÃ¢nticas com as atrizes! ğŸ˜‚ğŸ˜‚ğŸ˜‚ğŸ˜‚ğŸ˜‚  #DestinedWithYou #ROWOON  #dorama #kdrama https://t.co/U8jTWsAZ65";0;0;0;1;pt;1566280778086076416;1718034154477019437;Crisssssilveira;https://twitter.com/Crisssssilveira/status/1718034154477019437
Fri Oct 27 22:18:51 +0000 2023;1718029519754244469;"https://t.co/3wmLFt9HHZ #TheMatchmakers #ROWOON #SF9 #kdrama #ë¡œìš´ #ChoYiHyun #í˜¼ë¡€ëŒ€ì²©";0;0;0;0;qme;713006743173902336;1718029424925253847;sevennySF9;https://twitter.com/sevennySF9/status/1718029519754244469
Fri Oct 27 22:12:20 +0000 2023;1718027877529043233;"#LeeMinHo JW Marriott ğŸ’• #ì´ë¯¼í˜¸ @ActorLeeMinHo #kdrama  https://t.co/yquWUnKbwh https://t.co/lXrWuguCJD";0;1;13;47;nl;594924152;1718027877529043233;sevennyLMH;https://twitter.com/sevennyLMH/status/1718027877529043233
Fri Oct 27 22:09:30 +0000 2023;1718027165189443940;"#ë¡œìš´ #RoWoon #KimSeokWoo #ãƒ­ã‚¦ãƒ³ #ì´ì—°ì• ëŠ”ë¶ˆê°€í•­ë ¥ #Destinedwithyou #kdrama #theMatchmakers";0;0;1;9;qht;1387816082476605444;1718027165189443940;SepguJo;https://twitter.com/SepguJo/status/1718027165189443940
Fri Oct 27 22:08:55 +0000 2023;1718027020490227862;"#ë¡œìš´ #RoWoon #KimSeokWoo #ãƒ­ã‚¦ãƒ³ #ì´ì—°ì• ëŠ”ë¶ˆê°€í•­ë ¥ #Destinedwithyou #kdrama #theMatchmakers";0;0;0;3;qht;1387816082476605444;1718027020490227862;SepguJo;https://twitter.com/SepguJo/status/1718027020490227862
Fri Oct 27 22:08:20 +0000 2023;1718026872401924582;"#ë¡œìš´ #RoWoon #KimSeokWoo #ãƒ­ã‚¦ãƒ³ #ì´ì—°ì• ëŠ”ë¶ˆê°€í•­ë ¥ #Destinedwithyou #kdrama #theMatchmakers";0;0;0;1;qht;1387816082476605444;1718026872401924582;SepguJo;https://twitter.com/SepguJo/status/1718026872401924582
Fri Oct 27 22:08:08 +0000 2023;1718026823378882920;"#ë¡œìš´ #RoWoon #KimSeokWoo #ãƒ­ã‚¦ãƒ³ #ì´ì—°ì• ëŠ”ë¶ˆê°€í•­ë ¥ #Destinedwithyou #kdrama #theMatchmakers";0;0;0;1;qht;1387816082476605444;1718026823378882920;SepguJo;https://twitter.com/SepguJo/status/1718026823378882920
Fri Oct 27 22:07:41 +0000 2023;1718026709541196273;"#ë¡œìš´ #RoWoon #KimSeokWoo #ãƒ­ã‚¦ãƒ³ #ì´ì—°ì• ëŠ”ë¶ˆê°€í•­ë ¥ #Destinedwithyou #kdrama #theMatchmakers";0;0;0;2;qht;1387816082476605444;1718026709541196273;SepguJo;https://twitter.com/SepguJo/status/1718026709541196273
Fri Oct 27 22:07:31 +0000 2023;1718026668097315318;"#ë¡œìš´ #RoWoon #KimSeokWoo #ãƒ­ã‚¦ãƒ³ #ì´ì—°ì• ëŠ”ë¶ˆê°€í•­ë ¥ #Destinedwithyou #kdrama #theMatchmakers";0;0;0;1;qht;1387816082476605444;1718026668097315318;SepguJo;https://twitter.com/SepguJo/status/1718026668097315318
Fri Oct 27 22:07:23 +0000 2023;1718026633297219735;"#ë¡œìš´ #RoWoon #KimSeokWoo #ãƒ­ã‚¦ãƒ³ #ì´ì—°ì• ëŠ”ë¶ˆê°€í•­ë ¥ #Destinedwithyou #kdrama #theMatchmakers";0;0;0;3;qht;1387816082476605444;1718026633297219735;SepguJo;https://twitter.com/SepguJo/status/1718026633297219735
Fri Oct 27 22:06:59 +0000 2023;1718026531153367347;"#ë¡œìš´ #RoWoon #KimSeokWoo #ãƒ­ã‚¦ãƒ³ #ì´ì—°ì• ëŠ”ë¶ˆê°€í•­ë ¥ #Destinedwithyou #kdrama #theMatchmakers";0;0;0;0;qht;1387816082476605444;1718026531153367347;SepguJo;https://twitter.com/SepguJo/status/1718026531153367347
Fri Oct 27 22:06:35 +0000 2023;1718026430657733039;"#ë¡œìš´ #RoWoon #KimSeokWoo #ãƒ­ã‚¦ãƒ³ #ì´ì—°ì• ëŠ”ë¶ˆê°€í•­ë ¥ #Destinedwithyou #kdrama #theMatchmakers";0;0;0;0;qht;1387816082476605444;1718026430657733039;SepguJo;https://twitter.com/SepguJo/status/1718026430657733039
Fri Oct 27 22:06:31 +0000 2023;1718026417491820652;"{ğŸ‘†ğŸ»} DREAMERS, I really hate to have these problems but once I couldnâ€™t avoid be born like that, I can be a good influencer of overcoming symptoms and reaching dreams for those who are neurodivergent{â™¥ï¸} #KPOP #KDRAMA #KoreanVLeague #TAEMIN_Guilty #TAEMINisback #StrayKids #TXT";0;0;0;2;en;1677840938306007043;1718024584627196001;JiyuSupremacy;https://twitter.com/JiyuSupremacy/status/1718026417491820652
Fri Oct 27 22:06:24 +0000 2023;1718026384885330075;"#ë¡œìš´ #RoWoon #KimSeokWoo #ãƒ­ã‚¦ãƒ³ #ì´ì—°ì• ëŠ”ë¶ˆê°€í•­ë ¥ #Destinedwithyou #kdrama #theMatchmakers";0;0;0;1;qht;1387816082476605444;1718026384885330075;SepguJo;https://twitter.com/SepguJo/status/1718026384885330075
Fri Oct 27 22:06:02 +0000 2023;1718026294259052676;"â€˜23/â€˜24 #KIMHYUNJOONG WORLD TOUR ğŸŒ#RISINGIMPACT #COLOMBIAğŸ‡¨ğŸ‡´â€¼ï¸ âœ¨ @khj_heneciatwt  @studiopav_latam  @TEAMHENECIA  #KimHyunJoong  #KimHyunJoong_enLATAM  âœ¨ #kpop #kpoptwitter #kpopnews #concert #kpopupdates #kpoptwt #kpopconcert #kband #travel #kdrama #kmusic #guitar #drumsâ€¦";0;0;0;7;en;768241793708077057;1718026294259052676;AlphaFemale1_;https://twitter.com/AlphaFemale1_/status/1718026294259052676
Fri Oct 27 22:03:37 +0000 2023;1718025686349426926;"I think there will be season 2 for this #kdrama #moving";0;0;0;0;en;368614832;1718025686349426926;kristinacal_;https://twitter.com/kristinacal_/status/1718025686349426926
Fri Oct 27 22:01:40 +0000 2023;1718025196005900605;"ãƒ€ãƒ¡ãƒ¼ã‚¸ã‚¸ãƒ¼ãƒ³ã‚ºğŸ‘–ã‹ã‚‰ã®ããè„šé•·ã‚·ã‚¯å›ã®ãŠã¿è¶³(â™¡ËŠè‰¸Ë‹)ã‚€ãµï½¯ï½¯ï½¯â™¬* #ãƒ‘ã‚¯ãƒ’ãƒ§ãƒ³ã‚·ã‚¯  #æœ´ç‚¯æ¤  #ë°•í˜•ì‹  #parkhyungsik  #parkhyungshik  #happy32ndhyungsikday  #cute  #ç¾ã—ã„  #ã‹ã£ã“ã„ã„  #ç™’ã—  #ã‚·ã‚¯ãƒšãƒ³  #love  #å¤§å¥½ã  #zea  #éŸ“æµãƒ‰ãƒ©ãƒ  #éŸ“ãƒ‰ãƒ©  #kdrama  https://t.co/soaY9obR4B";0;0;0;1;ja;1077650461040099328;1718025196005900605;donten38www1;https://twitter.com/donten38www1/status/1718025196005900605
Fri Oct 27 22:01:39 +0000 2023;1718025190716624995;"#ë¡œìš´ #RoWoon #KimSeokWoo #ãƒ­ã‚¦ãƒ³ #ì´ì—°ì• ëŠ”ë¶ˆê°€í•­ë ¥ #Destinedwithyou #kdrama #theMatchmakers";0;0;0;0;qht;1387816082476605444;1718025190716624995;SepguJo;https://twitter.com/SepguJo/status/1718025190716624995
Fri Oct 27 22:01:28 +0000 2023;1718025143002272244;"#ë¡œìš´ #RoWoon #KimSeokWoo #ãƒ­ã‚¦ãƒ³ #ì´ì—°ì• ëŠ”ë¶ˆê°€í•­ë ¥ #Destinedwithyou #kdrama #theMatchmakers";0;0;0;2;qht;1387816082476605444;1718025143002272244;SepguJo;https://twitter.com/SepguJo/status/1718025143002272244
Fri Oct 27 22:00:28 +0000 2023;1718024891767857640;"ã‚ã£ãŸã‹ãã†ãªãƒ‹ãƒƒãƒˆå¸½ã«ã‚»ãƒ¼ã‚¿ãƒ¼ã‚·ã‚¯å›â€œà¬ª(â€Æ¡ á´— Æ¡â€)à¬“â€  #ãƒ‘ã‚¯ãƒ’ãƒ§ãƒ³ã‚·ã‚¯  #æœ´ç‚¯æ¤  #ë°•í˜• #parkhyungsik  #parkhyungshik  #happy32ndhyungsikday #cute  #ç¾ã—ã„  #ã‹ã£ã“ã„ã„  #ã‚¤ã‚±ãƒ¡ãƒ³  #ç™’ã—  #ã‚·ã‚¯ãƒšãƒ³  #love  #å¥½ã  #å¤§å¥½ã  #zea  #éŸ“æµãƒ‰ãƒ©ãƒ  #éŸ“ãƒ‰ãƒ©  #kdrama  https://t.co/niG4MUIqgf";0;0;0;0;ja;1077650461040099328;1718024891767857640;donten38www1;https://twitter.com/donten38www1/status/1718024891767857640
Fri Oct 27 22:00:01 +0000 2023;1718024779889094965;"#ãƒ‘ã‚¯ãƒ’ãƒ§ãƒ³ã‚·ã‚¯  #æœ´ç‚¯æ¤  #ë°•í˜•ì‹  #parkhyungsik #parkhyungshik #parkhunsik #parkhunshik #Happy32ndHyungsikDay  #ã‚»ãƒ³ã‚¤ãƒ«ã‚«ã‚¦ãƒ³ãƒˆãƒ€ã‚¦ãƒ³  #cute  #ç¾ã—ã„  #ã‹ã£ã“ã„ã„  #ã‚¤ã‚±ãƒ¡ãƒ³  #ãã‚…ã‚“ã§ã™  #ç™’ã—  #ã‚·ã‚¯ãƒšãƒ³  #Love  #å¤§å¥½ã  #ZEA  #éŸ“æµãƒ‰ãƒ©ãƒ  #éŸ“ãƒ‰ãƒ©  #kdrama   #TikTok https://t.co/J2HtbwBrwJ";0;0;0;0;qme;1077650461040099328;1718024779889094965;donten38www1;https://twitter.com/donten38www1/status/1718024779889094965
Fri Oct 27 21:58:29 +0000 2023;1718024391944978447;""A jewel of extraordinary beauty like Pachinko," https://t.co/WsYvq7FwWQ  #Pachinko #LeeMinHo @ActorLeeMinHo #ì´ë¯¼í˜¸ #KimMinHa #íŒŒì¹œì½” @AppleTV #kdrama https://t.co/zoYiORKsht";0;0;7;22;en;594924152;1718024391944978447;sevennyLMH;https://twitter.com/sevennyLMH/status/1718024391944978447
Fri Oct 27 21:49:13 +0000 2023;1718022061212434763;"#ë¡œìš´ ğŸ”¥ He's the kind of guy who effortlessly sets hearts ablaze with his irresistible charm and smoldering allure. In his presence, the temperature always seems to rise #ROWOON #rowoon #RowoonxCalvinKlein #DestinedWithYou #kdrama https://t.co/dAA3D2VFwn";0;0;0;4;en;1710332927496888320;1718022061212434763;oppa_love_honey;https://twitter.com/oppa_love_honey/status/1718022061212434763
Fri Oct 27 21:45:14 +0000 2023;1718021060220817695;"C'est le jour pour Ã©couter #FactCheck   (íŒ©íŠ¸ ì²´í¬) #ost #Kdrama #thedeviljudge #rudykissmyass #XTwitterDays    https://t.co/kUqv9D0qc1 via @YouTube";0;0;0;0;ko;1516036701524832262;1718021060220817695;pseudo_toda;https://twitter.com/pseudo_toda/status/1718021060220817695
Fri Oct 27 21:21:12 +0000 2023;1718015009869984012;"Koreli AktÃ¶r Lee Min Ho'nun KurduÄŸu VakÄ±f, TÃ¼rkiye'deki Depremden Etkilenen Ã‡ocuklar Ä°Ã§in BaÄŸÄ±ÅŸ Ã‡aÄŸrÄ±sÄ± YaptÄ±! https://t.co/DbL772i3vD #LeeMinHo #ì´ë¯¼í˜¸ @ActorLeeMinHo #kdrama https://t.co/SQfWRY4qiB";0;0;8;45;tr;594924152;1718015009869984012;sevennyLMH;https://twitter.com/sevennyLMH/status/1718015009869984012
Fri Oct 27 21:13:03 +0000 2023;1718012959463526852;"Just watched this masterpiece and i cam surely say it will move something inside you which you have left to discover, just so authentic and realistic scenes,story,emotions and all. Been a long time since watching a movie this real,IN YUN  #Pastlives #gothamawards #kdrama #Cinema https://t.co/BIuRpijPVN";0;0;0;0;en;1464132386116063233;1718012959463526852;pillaimegh10;https://twitter.com/pillaimegh10/status/1718012959463526852
Fri Oct 27 21:00:01 +0000 2023;1718009681984078137;"#NowStreaming: #CastawayDivağŸï¸ğŸ¤  #ParkEunBin is out to amaze us once again in this 12-episode tale of survival &amp  self-discovery. After spending 15 years alone on a desertedğŸï¸, her character, Seo Mok-ha, returns to modern society with dreams of becoming a diva. #Netflix #kdrama https://t.co/uZXZIES3A3";0;0;0;2;en;1291356766924451840;1520755757863804928;gwenchanoona;https://twitter.com/gwenchanoona/status/1718009681984078137
Fri Oct 27 20:56:04 +0000 2023;1718008685501321621;"Dos meus 4 Kdramas fav atÃ© o momento, quais deles vocÃª jÃ¡ assistiu?   E se nÃ£o assistiu nenhum, faÃ§a o favor de ir ver, pq sÃ£o muito bons ğŸ«µ #dorama #kdrama https://t.co/hfKcqF0Xrs";0;15;0;26;pt;1579515978085548034;1718008685501321621;luvvizinha;https://twitter.com/luvvizinha/status/1718008685501321621
Fri Oct 27 20:51:36 +0000 2023;1718007564166680651;"ğŸ“–| Academia Brasileira de LetrasÂ incluÃ­ #dorama ao vocabulÃ¡rio.   Saiba mais na segunda ediÃ§Ã£o do Boletim RÃ¡dio Gazeta Online.   https://t.co/pQtP84zcA7  #RÃ¡dioGazetaOnline #Entretenimento #kdrama #jdrama";0;0;0;0;pt;109305787;1718007564166680651;radiogazetaon;https://twitter.com/radiogazetaon/status/1718007564166680651
Fri Oct 27 20:47:12 +0000 2023;1718006455658266986;"He Falls In Love With This ğŸ˜‚ ğŸ’ Vincenzo #shorts #kdrama #songjoongki https://t.co/WHrxqlJ6Tn via @YouTube";0;0;0;2;en;1480275409992400900;1718006455658266986;JackPlatnumz2;https://twitter.com/JackPlatnumz2/status/1718006455658266986
Fri Oct 27 20:47:01 +0000 2023;1718006408237765022;"Fan Fiction Story!  Iâ€™ve just published one nowâ€¦  Take a look and give feedback! It would mean a lot to meâ€¦ğŸ¥°  Story: Gamers Destiny ğŸ–¥  https://t.co/NqZSqWWuRcâ€¦  #KPOP #korean #storytime #storytelling #kdrama #BTS";0;0;1;0;en;1654194452330872832;1718006408237765022;kkelbise;https://twitter.com/kkelbise/status/1718006408237765022
Fri Oct 27 20:44:23 +0000 2023;1718005744702730417;"My Dearest, 2.Sezon 5.BÃ¶lÃ¼m sitemize eklenmiÅŸtir. Keyifli seyirler~  ğŸ”— https://t.co/GxsgfW7jfx  #MyDearest #kdrama https://t.co/o7v2rjF5pu";0;0;0;1;tr;1245340789795950594;1718005744702730417;WebDramaTurkey;https://twitter.com/WebDramaTurkey/status/1718005744702730417
Fri Oct 27 20:37:41 +0000 2023;1718004061142683772;"#ë¡œìš´ #RoWoon #KimSeokWoo #ãƒ­ã‚¦ãƒ³ #ì´ì—°ì• ëŠ”ë¶ˆê°€í•­ë ¥ #Destinedwithyou #kdrama #theMatchmakers";0;0;0;0;qht;1387816082476605444;1718004061142683772;SepguJo;https://twitter.com/SepguJo/status/1718004061142683772
Fri Oct 27 20:27:41 +0000 2023;1718001544917024989;"Was missing #DestinedWithYou a little too much so drew this latest #kdrama #fanart ğŸ¤—ğŸ’• Loved #Rowoon to the core here also was pleasantly surprised by #JoBoAh as I never really liked any of her dramas before ğŸ˜¬ loved their chemistryğŸ˜ğŸ¥° . . #procreate #procreateart #AddyDrawsğŸ’• https://t.co/U5H4PvOrWp";0;1;2;10;en;42573118;1718001544917024989;Addy1495;https://twitter.com/Addy1495/status/1718001544917024989
Fri Oct 27 20:21:18 +0000 2023;1717999938531946529;"â€œMercy For Noneâ€ has joined the list of amazing kdramas that will be released in 2024. Staring So Ji-Sub, Heo Jun-Ho etc.  I am so loving this line up ğŸ˜  #kdrama #KDramaStars #BBNaijaAllStars #Bbnaija #bts #LeeMinHo #MercyForNone https://t.co/7ZJJnSJVDo";0;0;0;0;en;1649841942103031810;1717999938531946529;Kdrama_Home;https://twitter.com/Kdrama_Home/status/1717999938531946529
Fri Oct 27 20:21:05 +0000 2023;1717999882504413399;"#LeeMinHo #ì´ë¯¼í˜¸ @ActorLeeMinHo #kdrama";0;0;4;14;qme;594924152;1717999882504413399;sevennyLMH;https://twitter.com/sevennyLMH/status/1717999882504413399
Fri Oct 27 20:09:59 +0000 2023;1717997086925541848;"#ë¡œìš´ This remarkable man is the epitome of beauty, both inside and out. His charm and grace are matched only by his kindness and compassion, making him a true gem among gems #RowoonxCalvinKlein #ROWOON #kdrama https://t.co/7SNITeHPRh";0;0;0;4;en;1710332927496888320;1717997086925541848;oppa_love_honey;https://twitter.com/oppa_love_honey/status/1717997086925541848
Fri Oct 27 20:08:23 +0000 2023;1717996685350019539;"I aint gonna lie #TheWorstOfEvil is one of the best shows out right now ! Not just korean but period ! ğŸ”¥ğŸ”¥ğŸ”¥ğŸ”¥ its def one of the best of 2023 !!! #kdrama";0;0;9;23;en;520684212;1717996685350019539;AmirNAAA;https://twitter.com/AmirNAAA/status/1717996685350019539
Fri Oct 27 20:06:54 +0000 2023;1717996313109807378;"Pues finalmente 'A Time Called You' ha sabido llevar muy bien una historia con muchos frentes abiertos y su final me ha dejado mÃ¡s que satisfecho. ğŸŒ¸  De los KDramas que mÃ¡s me han sorprendido y enganchado. âœ¨  #kdrama #kdramatwt #ATimeCalledYou";0;0;0;3;es;1075831502448009217;1717996313109807378;JaegerWrites;https://twitter.com/JaegerWrites/status/1717996313109807378
Fri Oct 27 20:01:15 +0000 2023;1717994893094826041;"Cha Eun Woo Instagram Update for Dior  @offclASTRO   Follow India's Official CHA EUNWOO Fanbase here--&gt  @ChaeunwooIndia  #chaeunwoo #ASTRO #singer #Dior #DiorB57 #KPop #kdrama #ì°¨ì€ìš° #Eunwoo #ì´ë™ë¯¼ https://t.co/3tfZND2pTk";0;0;1;5;en;1340231076162064384;1717994893094826041;ChaeunwooIndia;https://twitter.com/ChaeunwooIndia/status/1717994893094826041
Fri Oct 27 19:55:45 +0000 2023;1717993506088632372;"This particular scene ğŸ˜‚ğŸ˜‚ğŸ˜‚  #kdrama #penthouse https://t.co/W6eyq8seCc";0;0;0;0;en;1628348981796274177;1717993506088632372;JayKommie;https://twitter.com/JayKommie/status/1717993506088632372
Fri Oct 27 19:49:58 +0000 2023;1717992052871319670;"Bonne SoirÃ©e - ğŸ¥°ğŸ¤—*  #GongYooFrance #gongyoofrance #gongjichulê³µ #GongYoo ï¼ƒã‚³ãƒ³ãƒ»ãƒ¦ ï¼ƒê³µìœ   #à¸à¸‡à¸¢à¸¹ #gongyoo_official #ManagementSoop  #Gongyooactor #gongyoo_photos #gongyoo_international #gongyoointernational #gongyoo #gongjicheol #gongjichul #kactor #kdrama #gongyooâ¤ https://t.co/0DrlXXii7V";0;0;5;37;fr;4265040388;1717992052871319670;Gongyoofrance;https://twitter.com/Gongyoofrance/status/1717992052871319670
Fri Oct 27 19:39:24 +0000 2023;1717989393212887143;"âœ§  [ Ø®Ø¨Ø± ] Ù„Ù„ÙŠÙˆÙ… Ø§Ù„Ø«Ø§Ù„Ø« Ø¹Ù„Ù‰ Ø§Ù„ØªÙˆØ§Ù„ÙŠ ÙŠØ­ØªÙ„ Ù…Ø³Ù„Ø³Ù„ DOONA Ø§Ù„Ù…Ø±ÙƒØ² Ø§Ù„Ø§ÙˆÙ„ ÙÙŠ Netflix ÙƒÙˆØ±ÙŠØ§  #Doona #SUZY #Netflix #kdrama #Ø³ÙˆØ²ÙŠ https://t.co/MXILY0EvlJ";0;0;3;9;ar;1282278922693025795;1717989393212887143;ArabicSuzy;https://twitter.com/ArabicSuzy/status/1717989393212887143
Fri Oct 27 19:36:54 +0000 2023;1717988761424761251;"Looking for @Medium #Koreandrama #writers. You are invited to contribute to Nothing But Love for Korean Drama, a Medium #publication? https://t.co/z3JEhY4Z0p (If you like to write about #Kdrama, it's free to create an account on Medium.  It's a great #community.) https://t.co/IuUWv8opkM";0;0;0;0;en;3302778512;1717988761424761251;FoxMarks_ATX;https://twitter.com/FoxMarks_ATX/status/1717988761424761251
Fri Oct 27 19:35:01 +0000 2023;1717988289209139351;"#LeeMinHo #ì´ë¯¼í˜¸ @ActorLeeMinHo #kdrama";0;0;3;9;qme;594924152;1717988289209139351;sevennyLMH;https://twitter.com/sevennyLMH/status/1717988289209139351
Fri Oct 27 19:33:56 +0000 2023;1717988015635574934;"Looking for @Medium #Koreandrama #writers. You are invited to contribute to My Sageuk Addiction, a Medium #publication?  https://t.co/hqDocMcOzM Content on #historicalperiod #Kdrama.   (It's free to create an account on Medium.  It's a great #community.) https://t.co/CAyJwv2EXG";0;0;0;0;en;3302778512;1717988015635574934;FoxMarks_ATX;https://twitter.com/FoxMarks_ATX/status/1717988015635574934
Fri Oct 27 19:32:07 +0000 2023;1717987557475070370;"Most moments with @Suzy and #YangSejong ğŸ˜˜ğŸ˜˜â¤ï¸â¤ï¸ #SUZY #suzysinger #soop #YangSejong #Sejong #Drama #Couple @NetflixKR @netflix #suweeties #arabsuweeties #baesuji #BAESUZY #DOONA #kdrama #Anna #management_soop #TWICE #BLACKPINK #JENNIE #JYP #kpop #Netflix https://t.co/58ftWXnBbv";0;0;1;17;en;2805683370;1717987557475070370;kratikasengar45;https://twitter.com/kratikasengar45/status/1717987557475070370
Fri Oct 27 19:29:42 +0000 2023;1717986952660606990;"The Escape of the Seven, 11.BÃ¶lÃ¼m sitemize eklenmiÅŸtir. Keyifli seyirler~  ğŸ”— https://t.co/D6hEA055Yt  #TheEscapeoftheSeven #kdrama https://t.co/5b2egXhID5";0;0;0;3;tr;1245340789795950594;1717986952660606990;WebDramaTurkey;https://twitter.com/WebDramaTurkey/status/1717986952660606990
Fri Oct 27 19:18:39 +0000 2023;1717984171472089417;"#LeeMinHo #ì´ë¯¼í˜¸ #JunJiHyun #TheLegendOfTheBlueSea @ActorLeeMinHo #kdrama #í‘¸ë¥¸ë°”ë‹¤ì˜ì „ì„¤";0;0;2;6;qme;594924152;1717984171472089417;sevennyLMH;https://twitter.com/sevennyLMH/status/1717984171472089417
Fri Oct 27 19:14:39 +0000 2023;1717983165606707434;"@sevennySF9 Congrats to the one and only #ROWOON #ë¡œìš´ğŸ‘ â¤ï¸  #DestinedWithYou  #ì´ì—°ì• ëŠ”ë¶ˆê°€í•­ë ¥ #kdrama  #TheMatchmakers";0;0;0;1;en;1477719855889534976;1717968365023613229;Comodo8888;https://twitter.com/Comodo8888/status/1717983165606707434
Fri Oct 27 19:05:55 +0000 2023;1717980964050407461;"Per me, lui Ã¨ lâ€™uomo piÃ¹ bello sulla Terra â¤ï¸ #ROWOON #RowoonxCalvinKlein #rowoon #kingsaffection #kdrama https://t.co/pOmPAWaNLR";0;0;1;5;it;1710332927496888320;1717980964050407461;oppa_love_honey;https://twitter.com/oppa_love_honey/status/1717980964050407461
Fri Oct 27 19:03:22 +0000 2023;1717980323567280415;"â¬¥ I Wish You Cheated  Show: Surplus Mermaid (The Idle Mermaid) Ship: Kim Ha Ni + Kwon Shi Kyung  #Kdrama #SurplusPrincess #ì‰ì—¬ê³µì£¼ #JoBoAh #ì¡°ë³´ì•„ #SongJaeRim #ì†¡ì¬ë¦¼  For:@Collectionizing Link: https://t.co/iIMC0um1Ht https://t.co/cuuM0lI3Ks";0;0;0;2;en;2847164391;1498038193018519555;StarGazerEXO;https://twitter.com/StarGazerEXO/status/1717980323567280415
Fri Oct 27 18:59:20 +0000 2023;1717979310504419693;"#LeeMinHo #ì´ë¯¼í˜¸ #JunJiHyun #TheLegendOfTheBlueSea @ActorLeeMinHo #kdrama #í‘¸ë¥¸ë°”ë‹¤ì˜ì „ì„¤";0;0;2;7;qme;594924152;1717979310504419693;sevennyLMH;https://twitter.com/sevennyLMH/status/1717979310504419693
Fri Oct 27 18:53:35 +0000 2023;1717977860307390846;"ğŸ“· Hanwha Life featuring Cha Eun Woo   @offclASTRO  Follow India's Official CHA EUNWOO Fanbase here--&gt  @ChaeunwooIndia  #chaeunwoo #ASTRO #singer #KPop #kdrama #ì°¨ì€ìš° #Eunwoo #ì´ë™ë¯¼ https://t.co/W3sCMA5pOo";0;0;1;5;en;1340231076162064384;1717977860307390846;ChaeunwooIndia;https://twitter.com/ChaeunwooIndia/status/1717977860307390846
Fri Oct 27 18:39:08 +0000 2023;1717974225154081208;"#Editing #tiktokedits #editors #kdramatwt #kdrama #capcut";0;0;0;1;qht;1581808482675838978;1717973663457120490;ChiefHongStan;https://twitter.com/ChiefHongStan/status/1717974225154081208
Fri Oct 27 18:35:57 +0000 2023;1717973423903629531;"#LeeMinHo #ì´ë¯¼í˜¸ #JunJiHyun #TheLegendOfTheBlueSea @ActorLeeMinHo #kdrama #í‘¸ë¥¸ë°”ë‹¤ì˜ì „ì„¤";0;0;4;13;qme;594924152;1717973423903629531;sevennyLMH;https://twitter.com/sevennyLMH/status/1717973423903629531
Fri Oct 27 18:33:03 +0000 2023;1717972693981544902;"#ë¡œìš´ #RoWoon #KimSeokWoo #ãƒ­ã‚¦ãƒ³ #ì´ì—°ì• ëŠ”ë¶ˆê°€í•­ë ¥ #Destinedwithyou #kdrama #theMatchmakers";0;0;0;4;qht;1387816082476605444;1717972693981544902;SepguJo;https://twitter.com/SepguJo/status/1717972693981544902
Fri Oct 27 18:31:57 +0000 2023;1717972419254645044;"#ë¡œìš´ #RoWoon #KimSeokWoo #ãƒ­ã‚¦ãƒ³ #ì´ì—°ì• ëŠ”ë¶ˆê°€í•­ë ¥ #Destinedwithyou #kdrama #theMatchmakers";0;0;0;1;qht;1387816082476605444;1717972419254645044;SepguJo;https://twitter.com/SepguJo/status/1717972419254645044
Fri Oct 27 18:21:55 +0000 2023;1717969894296400283;"ì•±ì„ ì„¤ì¹˜í•˜ê³  ê°€ì…í•˜ì„¸ìš”!  ì§€ê¸ˆ í´ë¦­í•˜ì„¸ìš”ğŸ‘‡ğŸ‘‡ https://t.co/hUezYFUKVH  #korea #kpop #bts #korean #kdrama #love #seoul #exo #twice #japan #koreandrama #army #like #southkorea #koreanstyle #jimin #china #jungkook #fashion #got #redvelvet #cute #follow #nct #indonesia #drama #f #l https://t.co/iY8ttqcp1U";0;0;0;0;ko;1705006796442939392;1717969894296400283;MettaCash24hour;https://twitter.com/MettaCash24hour/status/1717969894296400283
Fri Oct 27 18:20:26 +0000 2023;1717969519690273071;"#LeeMinHo #ì´ë¯¼í˜¸ @ActorLeeMinHo #kdrama";0;0;3;10;qme;594924152;1717969519690273071;sevennyLMH;https://twitter.com/sevennyLMH/status/1717969519690273071
Fri Oct 27 18:15:51 +0000 2023;1717968365023613229;"#ROWOON has reached 6.3M followers on IGğŸŠ #DestinedWithYou #ì´ì—°ì• ëŠ”ë¶ˆê°€í•­ë ¥ #SF9 #kdrama #ë¡œìš´ https://t.co/XXiNXCCq4s";1;2;12;70;en;713006743173902336;1717968365023613229;sevennySF9;https://twitter.com/sevennySF9/status/1717968365023613229
Fri Oct 27 18:14:00 +0000 2023;1717967901074878925;"In the end they both protected each other . even though they weren't supposed to. because of the world they both belonged in  #theworstevil #theworstevilkdrama #theworsteviledit #jichangwook #jichangwookedit #bibi #bibiedit #kdrama #IMSEMI #Wihajoon #Wihajun https://t.co/vL25EMWyTC";0;0;0;0;en;1304339854738817025;1717967901074878925;Sorreldying26;https://twitter.com/Sorreldying26/status/1717967901074878925
Fri Oct 27 17:55:44 +0000 2023;1717963304243519841;"#LeeMinHo #ì´ë¯¼í˜¸ @ActorLeeMinHo #kdrama";0;0;3;14;qme;594924152;1717963304243519841;sevennyLMH;https://twitter.com/sevennyLMH/status/1717963304243519841
Fri Oct 27 17:40:52 +0000 2023;1717959562177708189;"#kdrama Ù‚Ø¯ÛŒÙ… Ø¨Ø§ Ø³Ø±ÛŒØ§Ù„ Ú¯Ø§Ø¨Ù„ÛŒÙ† Ùˆ Ø±ÙØª Ùˆ Ø¨Ø±Ú¯Ø´Øª Ø²Ù…Ø§Ù†Ø´ Ú¯ÛŒØ¬ Ø´Ø¯Ù‡ Ø¨ÙˆØ¯Ù…ØŒ Ø§Ù„Ø§Ù† Ø§Ú¯Ø± Ø³Ø±ÛŒØ§Ù„ÛŒ Ø±ÙØª Ùˆ Ø¨Ø±Ú¯Ø´Ù† Ø²Ù…Ø§Ù†ÛŒ Ùˆ Ø²Ù†Ø¯Ú¯ÛŒ Ù‚Ø¨Ù„ÛŒ Ø¨Ø¹Ø¯ÛŒ Ù†Ø¯Ø§Ø´ØªÙ‡ Ø¨Ø§Ø´Ù‡ ÛŒØ§ Ø­Ù‚ÙˆÙ‚ÛŒ Ù†Ø¨Ø§Ø´Ù‡ØŒ Ø§Ù†Ú¯Ø§Ø± ÛŒÙ‡ Ú†ÛŒØ²ÛŒ Ú©Ù…Ù‡ Ø¨Ø±Ø§Ù…:///// #twinklingwatermelon";0;1;0;4;fa;1428104782170963969;1717959562177708189;hanae1382;https://twitter.com/hanae1382/status/1717959562177708189
Fri Oct 27 17:37:19 +0000 2023;1717958668090552710;"#LeeMinHo #ì´ë¯¼í˜¸ @ActorLeeMinHo #kdrama";0;0;3;9;qme;594924152;1717958668090552710;sevennyLMH;https://twitter.com/sevennyLMH/status/1717958668090552710
Fri Oct 27 17:28:05 +0000 2023;1717956346635517998;"#Review #KPOP #Kdrama #zombies #Netflix #Allofusaredead #TikTok https://t.co/xpSuNlQj9K";0;0;0;0;qme;1564728602280747015;1717956346635517998;DanKenway501;https://twitter.com/DanKenway501/status/1717956346635517998
Fri Oct 27 17:07:52 +0000 2023;1717951257305034960;"Info Terbaru, Drama Korea She Would Never Know Tayang di NET TV https://t.co/srDLPJnd0V #SheWouldNeverKnow #ROWOON #JTBC #NETTV #KDRAMA";0;0;0;1;en;381390764;1717951257305034960;sitifaridah96;https://twitter.com/sitifaridah96/status/1717951257305034960
Fri Oct 27 17:07:21 +0000 2023;1717951129227858293;"Blogger Bandung Erry Andriyati Foto Bareng Lee Jun-Ho di Korea Selatan, Ini Potretnya! https://t.co/reJgJOCTGv #LeeJunHo #2PM #KDRAMA #BLOGGER #BANDUNG";0;0;0;0;in;381390764;1717951129227858293;sitifaridah96;https://twitter.com/sitifaridah96/status/1717951129227858293
Fri Oct 27 17:06:55 +0000 2023;1717951018384986603;"Tampil Memotret Tanaman dengan Cara yang Unik, Ini Potret ROWOON Saat Memotret Keindahan Alam! https://t.co/ltP54Cxoav #ROWOON #ExtraordinaryYou #SheWouldNeverKnow #DestinedWithYou #KDRAMA";0;0;0;1;in;381390764;1717951018384986603;sitifaridah96;https://twitter.com/sitifaridah96/status/1717951018384986603
Fri Oct 27 17:06:42 +0000 2023;1717950964018418034;"Cinta Alam dan Lingkungan Ala Lim Se-Mi, Begini Caranya! https://t.co/XK5yKYQqiU #LimSeMi #TrueBeauty #TheWorstofEvil #KDRAMA #DramaKorea";0;0;0;0;in;381390764;1717950964018418034;sitifaridah96;https://twitter.com/sitifaridah96/status/1717950964018418034
Fri Oct 27 17:06:02 +0000 2023;1717950796829175940;"Drama Korea Destined With You, Mantra Cinta yang Salah Sasaran https://t.co/P9n0isokpR #DestinedWithYou #JoBoAh #ROWOON #KDrama #DramaKorea";0;0;0;0;in;381390764;1717950796829175940;sitifaridah96;https://twitter.com/sitifaridah96/status/1717950796829175940
Fri Oct 27 17:05:34 +0000 2023;1717950679967567893;"Dari Nasi Tumpeng Hingga Mie Gemez, Ini Daftar Kiriman Bingkisan dari Fans Indonesia untuk Park Bo-Gum! https://t.co/juCcWsXqzP #ParkBoGum #KDRAMA #DramaKorea #Food #Review";0;0;0;2;in;381390764;1717950679967567893;sitifaridah96;https://twitter.com/sitifaridah96/status/1717950679967567893
Fri Oct 27 17:05:20 +0000 2023;1717950620764877186;"Hwang Min-Hyun Foto Bareng Angsa Saat Pemotretan, Ini Potretnya! https://t.co/ehisGBt0ks #Angsa #Foto #OOTD #HwangMinHyun #KDRAMA";0;0;0;0;in;381390764;1717950620764877186;sitifaridah96;https://twitter.com/sitifaridah96/status/1717950620764877186
Fri Oct 27 17:03:07 +0000 2023;1717950063769489604;"ğŸ“º Envie d'une #sÃ©rie pour ce week-end? Pourquoi pas un #kdrama?  Pour les amateurs de polars d'action, RDV sur Disney+ avec le captivant #AuxCÃ´tÃ©sDuMal.  Vous Ãªtes d'humeur romantique ? RDV sur Netflix avec l'envoÃ»tant #Doona. Deux dramas trÃ¨s diffÃ©rents qui font le buzz ! ğŸ˜Š https://t.co/0ixakPeHzO";0;1;7;46;fr;1070979913;1717950063769489604;StellarSisters;https://twitter.com/StellarSisters/status/1717950063769489604
Fri Oct 27 17:03:06 +0000 2023;1717950056182198769;"Aktor Indonesia Jadi Pemain Pendukung di Drama Korea Behind Your Touch, Ini Penjelasannya! https://t.co/PtFbpO6vXm #BehindYourTouch #SUHO #EXO #HanJiMin #KDRAMA";0;0;0;0;in;381390764;1717950056182198769;sitifaridah96;https://twitter.com/sitifaridah96/status/1717950056182198769
Fri Oct 27 17:02:49 +0000 2023;1717949986405847317;"Drama Korea Mask Girl, Cinta yang Salah dan Balas Dendam yang Kejam https://t.co/1BYoh502Rs #MaskGirl #LeeHanByeol #Nana #KDRAMA #DramaKorea";0;0;0;0;in;381390764;1717949986405847317;sitifaridah96;https://twitter.com/sitifaridah96/status/1717949986405847317
Fri Oct 27 16:53:50 +0000 2023;1717947726887821419;"Dear @_MinGwa-nim, please let Kim Dan do the same one day! ğŸ™ğŸ»ğŸ¤—ğŸ˜ƒğŸ˜ƒ #kdrama #Jinx #Jinxmanhwa https://t.co/Z996gnZau0";0;0;0;2;en;1155296374184927232;1717947726887821419;lasly_lay;https://twitter.com/lasly_lay/status/1717947726887821419
Fri Oct 27 16:52:46 +0000 2023;1717947458372645296;"I deserve to watch #kdrama after the week I had..Please I just want to laugh, hug my pillow and throw my legs in the hair.. Donâ€™t recommend any sad ending. T for Thanks";0;2;1;13;en;1278791100;1717947458372645296;Rita_tyna;https://twitter.com/Rita_tyna/status/1717947458372645296
Fri Oct 27 16:49:50 +0000 2023;1717946721412813249;"Tren Tunjukkan Foto Pas Ngabisin Duit Ala Pecinta Drama Korea, Ini Potretnya! https://t.co/4Cmedk70hz #SquidGame #NUFACE #AhnHyoSeop #KOPIKO #ROTIBOY #SongJoongKi #KDRAMA #DramaKorea #Review #BLOG";0;0;0;0;in;381390764;1717946721412813249;sitifaridah96;https://twitter.com/sitifaridah96/status/1717946721412813249
Fri Oct 27 16:42:26 +0000 2023;1717944856004403249;"@hsntalal_tiwana That's awesome. Can't wait for the project. Will definitely be promoting it âœŒï¸ Best of luck. #Kdrama";0;0;0;2;en;28337813;1717915875863646690;hinasafi;https://twitter.com/hinasafi/status/1717944856004403249
Fri Oct 27 16:36:45 +0000 2023;1717943425759429005;"Karina from aespa stirs things up in a Rolling Stone interview by talking about K-pop groups fighting among themselves.  #KARINA #aespa #aespaDrama #KPOP #kdrama #koreangirl https://t.co/e05csivYyr";0;0;0;1;en;1677546078068174848;1717943425759429005;Koreantal;https://twitter.com/Koreantal/status/1717943425759429005
Fri Oct 27 16:36:40 +0000 2023;1717943405026885897;"Choi Joon Woog once said,"Hope..There are very few people who live with something like that..Appreciating the little things in life if they make us happy,is what we humans do.." âœ¨ğŸ’˜ğŸ’« #ROWOON #Tomorrow #Kdrama #Quotes https://t.co/Ge2fvEot1R";0;0;3;14;en;1584528425079144448;1717943405026885897;Wallfll0werr;https://twitter.com/Wallfll0werr/status/1717943405026885897
Fri Oct 27 16:34:36 +0000 2023;1717942886648684894;"stop being so cute you two ğŸ¤ŒğŸ»ğŸ˜­  #kdrama #ourbelovedsummer https://t.co/dwOS3hyqVN";0;1;0;1;en;1577766224347348992;1717942886648684894;kiararule;https://twitter.com/kiararule/status/1717942886648684894
Fri Oct 27 16:32:26 +0000 2023;1717942340269056039;"me dejo sin estabilidad emocional #DOONA #kdrama #DoonaNetflix https://t.co/3pV5WmPhss";0;0;0;0;es;1700304194253488128;1717942340269056039;hsuujin;https://twitter.com/hsuujin/status/1717942340269056039
Fri Oct 27 16:30:50 +0000 2023;1717941938953859090;"Let Rowoon conquer you with these Korean dramas "Rowoon is the heartthrob of the moment in Korean dramas!" https://t.co/YZNcnxcLu3 #DestinedWithYou #ROWOON #JoBoAh #ì´ì—°ì• ëŠ”ë¶ˆê°€í•­ë ¥ #SF9 #kdrama #ë¡œìš´ https://t.co/vOZkOt6qo5";0;0;11;44;en;713006743173902336;1717941938953859090;sevennySF9;https://twitter.com/sevennySF9/status/1717941938953859090
Fri Oct 27 16:30:26 +0000 2023;1717941838198530559;"ARTMS's HeeJin uses a highlight medley to preview every song on her solo debut album "K."  #HeeJin #KPOP #kpoptwt #kdrama #koreangirl #KoreanUpdates https://t.co/IMvyCd6C0X";0;0;0;0;en;1677546078068174848;1717941838198530559;Koreantal;https://twitter.com/Koreantal/status/1717941838198530559
Fri Oct 27 16:23:26 +0000 2023;1717940075302957092;"ĞŸĞ¾ ÑĞ¾Ğ²ĞµÑ‚Ñƒ Ğ¿Ñ€ĞµĞºÑ€Ğ°ÑĞ½Ğ¾Ğ¹ @ddaeng2204 Ğ¿Ğ¾ÑĞ¼Ğ¾Ñ‚Ñ€ĞµĞ»Ğ° Ğ´Ğ¾Ñ€Ğ°Ğ¼Ñƒ "Ğ¡Ğ»ĞµĞ¿Ğ¾Ğ¹".. ğŸ”¥ Ğ½Ğµ Ğ¼ĞµĞ½ĞµĞµ Ğ·Ğ°Ñ…Ğ²Ğ°Ñ‚Ñ‹Ğ²Ğ°ÑÑ‰Ğ°Ñ, Ğ¾ÑÑ‚Ñ€Ğ¾ÑÑĞ¶ĞµÑ‚Ğ½Ğ°Ñ Ğ²ĞµÑ‰ÑŒ..Ğ´Ğ° Ğ¸ Ğ² Ñ€Ğ¾Ğ»ÑÑ… ĞµÑ‰Ñ‘ Ğ½Ğµ ĞºÑ‚Ğ¾ Ğ¸Ğ½Ğ¾Ğ¹, ĞºĞ°Ğº Ğ¼Ğ¾Ğ¹ Ğ´Ñ€Ğ°Ğ³Ğ¾Ñ†ĞµĞ½Ğ½Ñ‹Ğ¹ ì˜¥íƒì—° .. Ğ¿Ğ¾ÑÑ‚Ğ¾Ğ¼Ñƒ Ğ¾Ğ³Ñ€Ğ¾Ğ¼Ğ½Ğ¾Ğµ ÑĞ¿Ğ°ÑĞ¸Ğ±Ğ¾ Ğ·Ğ° Ñ€ĞµĞºĞ¾Ğ¼ĞµĞ½Ğ´Ğ°Ñ†Ğ¸Ñ ğŸ‘ #kdrama https://t.co/6uLGnZ4tqb";0;2;0;4;ru;1052254573086339072;1717940075302957092;blueside_twt_;https://twitter.com/blueside_twt_/status/1717940075302957092
Fri Oct 27 16:21:10 +0000 2023;1717939504726811092;"[Photos] New Stills Added for the Upcoming #kdrama "Korea-Khitan War": ğŸ‘‰ ğŸ”— Read: https://t.co/KuIZAvyJ1o #kdrama #KoreanDrama #Korea #Korean https://t.co/6Yl4nLg6Rr";0;0;0;1;en;14597638;1717939504726811092;hancinema;https://twitter.com/hancinema/status/1717939504726811092
Fri Oct 27 16:21:05 +0000 2023;1717939486045483061;"[Photo] New Poster Added for the Upcoming #kdrama "Korea-Khitan War": ğŸ‘‰ ğŸ”— Read: https://t.co/0sPZ6MfT1j #kdrama #KoreanDrama #Korea #Korean https://t.co/wT7d3ImxVc";0;0;0;0;en;14597638;1717939486045483061;hancinema;https://twitter.com/hancinema/status/1717939486045483061
Fri Oct 27 16:14:48 +0000 2023;1717937903098065314;"#LeeMinHo #ì´ë¯¼í˜¸ @ActorLeeMinHo #kdrama";0;0;4;11;qme;594924152;1717937903098065314;sevennyLMH;https://twitter.com/sevennyLMH/status/1717937903098065314
Fri Oct 27 16:11:17 +0000 2023;1717937018662277539;"ê°•ê¸°íƒ ìŠ¤ë ˆê¸°ì•¼ #7escape #uhmkijoon #umkijoon #leejoon #yoontaeyoung #7ì¸ì˜íƒˆì¶œ #ì—„ê¸°ì¤€ #ì´ì¤€ #ìœ¤íƒœì˜ #koreandrama #kdrama https://t.co/gQDrIvr4e5";0;0;0;2;ko;1547617741;1717937018662277539;yessiwijaya10;https://twitter.com/yessiwijaya10/status/1717937018662277539
Fri Oct 27 16:10:09 +0000 2023;1717936732715573392;"Tak ingat sapa yg rekomen cerita ni, tapi cerita ni memang best and kelakar  #NowPlaying #KDrama Stealer: The Treasure Keeper https://t.co/GXuTmEuZpX";0;0;0;0;in;112475562;1717936732715573392;MohdZahriSafri;https://twitter.com/MohdZahriSafri/status/1717936732715573392
Fri Oct 27 16:08:17 +0000 2023;1717936262987075601;"jennierubyjane new update (1/2)  @BLACKPINK #JENNIE #BLACKPINK #KPOP #koreangirl #kdrama #kdramafashion https://t.co/AaD1QuNY5O";0;0;0;1;und;1676470818120040448;1717936262987075601;BlackpinkAmeric;https://twitter.com/BlackpinkAmeric/status/1717936262987075601
Fri Oct 27 16:03:00 +0000 2023;1717934931656294566;"Increased #Spotify followers during the previous 24 hours  @BLACKPINK +24k (46.3M total)  #JENNIE +10k (4.3M total)  #LISA +9.6k (5.3M total) #ROSÃ‰ +7.7k (4.6M total)  #JISOO +7.4k (1.8M total)  #BLACKPINK #KPOP #kdrama #kdramas https://t.co/CRCtPwgA4j";0;0;0;1;en;1676470818120040448;1717934931656294566;BlackpinkAmeric;https://twitter.com/BlackpinkAmeric/status/1717934931656294566
Fri Oct 27 16:00:03 +0000 2023;1717934191030251820;"#HallyuTime | à¤†à¤–à¤¿à¤° pata chal hi gaya! Yes its true!  Watch #CoupleOnTheBacktrack, 28th Oct se, à¤¹à¤° Mon - Sun at 6 PM only on Zing   #CoupleOnTheBacktrack #KDrama #Korean #JangNaRa #SonHoJin #JangKiYong #HanBoReum #Series https://t.co/WV8NUwohcq";0;0;0;3;en;17701543;1717934191030251820;zingtv;https://twitter.com/zingtv/status/1717934191030251820
Fri Oct 27 15:56:23 +0000 2023;1717933269931475245;"Vincenzo Burned The Entire Palace ğŸ”¥ Vincenzo #shorts #kdrama #songjoongki https://t.co/vQDBNmw2ji via @YouTube";0;0;0;3;it;1480275409992400900;1717933269931475245;JackPlatnumz2;https://twitter.com/JackPlatnumz2/status/1717933269931475245
Fri Oct 27 15:52:52 +0000 2023;1717932384728056135;"The song "You &amp  Me" by #JENNIE has already received over 40,000 likes on #MelOn.  #YouAndMe #BLACKPINK #KPOP #KoreanUpdates #kdrama #kdramas https://t.co/zdFEKmcLn5";0;0;0;0;en;1676470818120040448;1717932384728056135;BlackpinkAmeric;https://twitter.com/BlackpinkAmeric/status/1717932384728056135
Fri Oct 27 15:51:48 +0000 2023;1717932113222128002;"Mon avis sur le drama corÃ©en de Netflix : Doona. Une histoire d'amour assez unique qui marque le retour de Bae suzy et de Yang Se-Jon Ã  l'Ã©cran.  Bon visionnage  https://t.co/OJDh2A3bPC  #doona  #netflix #suzy  #yangsejong  #kdrama  #netflix  #ì´ë‘ë‚˜";0;0;0;3;fr;1352582200471019520;1717932113222128002;inga_rider;https://twitter.com/inga_rider/status/1717932113222128002
Fri Oct 27 15:48:56 +0000 2023;1717931392611287465;"#LeeMinHo #ì´ë¯¼í˜¸ @ActorLeeMinHo #kdrama";0;0;2;6;qme;594924152;1717931392611287465;sevennyLMH;https://twitter.com/sevennyLMH/status/1717931392611287465
Fri Oct 27 15:47:41 +0000 2023;1717931079326138652;"Rich Boyfriend Saves Her From The Cops ğŸ˜ğŸ’ W Two Worlds âœ¨ #shorts #kdrama... https://t.co/tsLHoryCDj via @YouTube";0;0;0;0;en;1480275409992400900;1717931079326138652;JackPlatnumz2;https://twitter.com/JackPlatnumz2/status/1717931079326138652
Fri Oct 27 15:44:59 +0000 2023;1717930399421317462;"I jst finished watching #weakheroclass1 i end up crying ğŸ˜¢  #ParkJihoon and hyun wook were perfect for the roles   I'm not into BL but the chemistry is just so  strong I cant help but ship them,  Can't wait for season 2 #kdrama";0;0;0;0;en;1426107154516234242;1717930399421317462;hwanj_jane;https://twitter.com/hwanj_jane/status/1717930399421317462
Fri Oct 27 15:37:07 +0000 2023;1717928419860656507;"My Demon | TEASER | Song Kang | Kim Yoo Jung | Netflix https://t.co/RMIFexrsps via @YouTube #SongKang and #KimYooJung #MyDemon #ê¹€ìœ ì • #ì†¡ê°• #ë§ˆì´ë°ëª¬ #kdrama #kpopnation https://t.co/VgTnylSHgb";0;0;9;33;en;1490730851121840128;1717928419860656507;Balitang_Kpop;https://twitter.com/Balitang_Kpop/status/1717928419860656507
Fri Oct 27 15:31:42 +0000 2023;1717927056087134282;"Gusto kong kiligin.. Drop your fave romcom #Kdrama recommendations here please â¤ï¸ğŸ«¶ğŸ«°";0;0;0;0;en;1432332380560248835;1717927056087134282;kimlunanana;https://twitter.com/kimlunanana/status/1717927056087134282
Fri Oct 27 15:33:30 +0000 2023;1717927511030681796;"The Escape of the Seven: War for Survival Episode 12 [EngSub] "Korean Drama" Full Episode Link Full Episode :: https://t.co/DT2QNV5DLW Other Link :: https://t.co/KiBZKaCfNd  Let's Watch and Share!!! #TheEscapeOfTheSevenEp12  #Kdrama https://t.co/9xxtILdvYo";0;0;0;0;en;1685915055848828928;1717927511030681796;Dramatv31fh;https://twitter.com/Dramatv31fh/status/1717927511030681796
Fri Oct 27 15:28:08 +0000 2023;1717926157532983731;"Link Full Episode :: https://t.co/DT2QNV5DLW Other Link :: https://t.co/KiBZKaCfNd  My Dearest Episode 16 [EngSub] "Korean Drama" Full Episode Let's Watch and Share!!! #MyDearestEp16  #Kdrama https://t.co/k2ApPnnU4n";0;0;0;0;en;1685915055848828928;1717926157532983731;Dramatv31fh;https://twitter.com/Dramatv31fh/status/1717926157532983731
Fri Oct 27 15:17:04 +0000 2023;1717923372921724980;"Experience the drama, secrets, and revenge in Perfect Marriage Revenge, now available for streaming on MBN! ğŸ“ºğŸ’”   Read more: https://t.co/Dltf4abBgF  #PerfectMarriageRevenge #MBNStreaming #DramaSeries #OnlineWatch #MarriageRevenge #MustWatch #MBN #SouthKorea #KDrama https://t.co/1Mly647wVl";0;0;0;0;en;1710243230082809856;1717923372921724980;reelsmagcom;https://twitter.com/reelsmagcom/status/1717923372921724980
Fri Oct 27 15:16:25 +0000 2023;1717923209041838439;"#LeeMinHo #ì´ë¯¼í˜¸ @ActorLeeMinHo #kdrama";0;0;0;5;qme;594924152;1717923209041838439;sevennyLMH;https://twitter.com/sevennyLMH/status/1717923209041838439
Fri Oct 27 15:15:00 +0000 2023;1717922852987658704;"Many unhappy returns: why #Asian #immigrant cinema is challenging the meaning of home https://t.co/XbDi7Ksaq3 via @becbecliuliu / #diaspora #identity #media #movies #cdnimm #AsianCanadian #intersectionality #kdrama #cdrama";0;0;0;0;en;18212164;1717922852987658704;writerly_dee;https://twitter.com/writerly_dee/status/1717922852987658704
